;V1;V2;V3
0;65664.0;0.552;-0.146
1;65703.0;0.501;-0.48
2;65742.0;0.138;0.435
3;65781.0;-0.423;0.24
4;65820.0;-0.802;0.02
5;65859.0;-0.364;0.11199999999999999
6;65898.0;0.326;0.29600000000000004
7;65937.0;0.8740000000000001;-0.366
8;65976.0;0.885;-0.369
9;66015.0;0.257;0.5379999999999999
10;66054.0;-0.38799999999999996;0.045
11;66093.0;-0.602;0.32
12;66132.0;0.006;-0.287
13;66171.0;0.557;-0.154
14;66210.0;0.297;0.61
15;66249.0;0.193;-0.49200000000000005
16;66289.0;-0.649;0.519
17;66328.0;-0.397;0.10300000000000001
18;66367.0;-0.0;-0.613
19;66406.0;0.17300000000000001;0.19699999999999998
20;66445.0;0.379;-1.051
21;66484.0;0.011000000000000001;0.061
22;66523.0;-0.16899999999999998;0.46799999999999997
23;66562.0;-0.192;0.7759999999999999
24;66601.0;0.23399999999999999;0.125
25;66640.0;1.149;-0.853
26;66679.0;0.945;0.36200000000000004
27;66718.0;0.21600000000000003;0.375
28;66757.0;-0.61;-0.145
29;66796.0;-0.426;0.109
30;66835.0;0.56;-0.192
31;66874.0;0.11900000000000001;0.578
32;66914.0;-0.048;-0.47
33;66953.0;-0.294;-0.684
34;66992.0;0.03;0.126
35;67031.0;0.207;-0.046
36;67070.0;-0.465;0.77
37;67109.0;-0.17300000000000001;-0.6779999999999999
38;67148.0;0.249;-0.12
39;67187.0;0.231;0.726
40;67226.0;-0.106;0.264
41;67265.0;-0.405;0.10800000000000001
42;67304.0;0.142;-0.212
43;67343.0;0.5379999999999999;-0.546
44;67382.0;-0.147;-0.092
45;67421.0;-0.465;-0.069
46;67460.0;-0.2;-0.823
47;67499.0;0.203;0.452
48;67539.0;0.452;0.778
49;67578.0;-0.157;0.365
50;67617.0;-0.166;-0.218
51;67656.0;0.382;-0.428
52;67695.0;0.496;0.14400000000000002
53;67734.0;0.239;0.057
54;67773.0;-0.129;0.034
55;67812.0;-0.065;0.204
56;67851.0;0.254;-0.055999999999999994
57;67890.0;-0.233;0.716
58;67929.0;-0.271;-0.47700000000000004
59;67968.0;-0.519;-0.452
60;68007.0;-0.006999999999999999;0.004
61;68046.0;0.068;-0.44299999999999995
62;68085.0;0.195;0.46299999999999997
63;68124.0;0.737;-0.39399999999999996
64;68164.0;0.619;-0.109
65;68203.0;-0.111;0.019
66;68242.0;-0.469;0.695
67;68281.0;-0.652;0.152
68;68320.0;0.03;-0.414
69;68359.0;0.69;0.193
70;68398.0;0.809;0.182
71;68437.0;0.191;-0.191
72;68476.0;-0.07;-0.413
73;68515.0;-0.267;-0.36
74;68554.0;-0.358;0.187
75;68593.0;-0.235;-0.017
76;68632.0;-0.188;0.113
77;68671.0;0.11599999999999999;-0.331
78;68710.0;-0.016;0.11699999999999999
79;68749.0;-0.0;0.17300000000000001
80;68789.0;0.027000000000000003;-0.545
81;68828.0;0.003;-0.261
82;68867.0;0.10800000000000001;-0.2
83;68906.0;0.095;0.248
84;68945.0;-0.134;-0.045
85;68984.0;-0.324;-0.20600000000000002
86;69023.0;-0.32899999999999996;-0.031
87;69062.0;0.22399999999999998;-0.20199999999999999
88;69101.0;0.8740000000000001;0.10800000000000001
89;69140.0;1.018;-0.102
90;69179.0;0.049;-0.10099999999999999
91;69218.0;-0.624;0.013000000000000001
92;69257.0;-0.932;0.242
93;69296.0;-0.071;0.11800000000000001
94;69335.0;0.5379999999999999;-0.285
95;69374.0;0.753;-0.08
96;69414.0;0.539;-0.47100000000000003
97;69453.0;0.289;0.46399999999999997
98;69492.0;-0.013000000000000001;-0.096
99;69531.0;-0.348;-0.41100000000000003
100;69570.0;-0.27;-0.07400000000000001
101;69609.0;0.11599999999999999;0.2
102;69648.0;0.33799999999999997;0.12300000000000001
103;69687.0;0.57;-0.212
104;69726.0;0.46399999999999997;-0.149
105;69765.0;0.40399999999999997;-0.064
106;69804.0;0.073;0.389
107;69843.0;-0.293;-0.254
108;69882.0;-0.048;-0.488
109;69921.0;-0.008;0.47
110;69960.0;0.32299999999999995;-0.35100000000000003
111;69999.0;0.402;-0.162
112;70039.0;0.391;0.35200000000000004
113;70078.0;0.45899999999999996;-0.251
114;70117.0;0.40299999999999997;0.2
115;70156.0;-0.015;0.524
116;70195.0;-0.185;0.45299999999999996
117;70234.0;0.049;-0.677
118;70273.0;0.11800000000000001;-0.052000000000000005
119;70312.0;-0.162;-0.001
120;70351.0;-0.2;-0.275
121;70390.0;-0.46799999999999997;0.965
122;70429.0;0.11900000000000001;0.265
123;70468.0;0.774;-0.8009999999999999
124;70507.0;0.821;0.031
125;70546.0;0.301;-0.442
126;70585.0;-0.562;0.025
127;70624.0;-0.551;0.39299999999999996
128;70664.0;-0.348;0.07200000000000001
129;70703.0;0.05;-0.415
130;70742.0;0.375;-0.125
131;70781.0;-0.214;1.334
132;70820.0;-0.485;0.248
133;70859.0;-0.36200000000000004;-0.285
134;70898.0;0.17;0.278
135;70937.0;0.16699999999999998;-0.136
136;70976.0;-0.18899999999999997;-0.16399999999999998
137;71015.0;-0.14;-0.073
138;71054.0;0.226;0.312
139;71093.0;0.11599999999999999;-0.08
140;71132.0;-0.065;0.012
141;71171.0;0.076;0.07
142;71210.0;0.428;-0.154
143;71249.0;0.48;-0.391
144;71289.0;-0.006;0.28800000000000003
145;71328.0;-0.679;0.38299999999999995
146;71367.0;-0.6579999999999999;0.222
147;71406.0;-0.26;0.6579999999999999
148;71445.0;0.076;0.29600000000000004
149;71484.0;0.024;0.23800000000000002
150;71523.0;-0.358;0.21
151;71562.0;-0.43200000000000005;-0.6829999999999999
152;71601.0;-0.11599999999999999;-0.573
153;71640.0;0.14400000000000002;0.11199999999999999
154;71679.0;0.278;-0.042
155;71718.0;0.239;-0.008
156;71757.0;0.485;0.064
157;71796.0;0.299;0.5489999999999999
158;71835.0;-0.179;0.677
159;71874.0;-0.46;0.212
160;71914.0;0.243;0.027999999999999997
161;71953.0;1.16;-0.504
162;71992.0;1.064;0.244
163;72031.0;0.518;0.35200000000000004
164;72070.0;-0.198;-0.4
165;72109.0;-0.21600000000000003;-0.36700000000000005
166;72148.0;-0.018000000000000002;0.414
167;72187.0;-0.14400000000000002;0.431
168;72226.0;0.174;-0.925
169;72265.0;0.6940000000000001;-0.375
170;72304.0;0.684;0.675
171;72343.0;0.017;0.596
172;72382.0;-0.7909999999999999;0.887
173;72421.0;-0.48200000000000004;-0.431
174;72460.0;0.597;-0.6759999999999999
175;72499.0;0.644;0.516
176;72539.0;-0.26899999999999996;0.098
177;72578.0;-0.6729999999999999;-0.63
178;72617.0;-0.2;0.218
179;72656.0;0.53;0.332
180;72695.0;0.153;-0.13699999999999998
181;72734.0;0.011000000000000001;0.267
182;72773.0;-0.033;-0.035
183;72812.0;0.32799999999999996;-0.446
184;72851.0;0.23;-0.139
185;72890.0;-0.44299999999999995;0.7929999999999999
186;72929.0;-0.603;0.013999999999999999
187;72968.0;-0.381;0.235
188;73007.0;0.188;-0.019
189;73046.0;0.542;-0.794
190;73085.0;0.18600000000000003;-0.41200000000000003
191;73124.0;-0.235;0.47700000000000004
192;73164.0;-0.513;0.688
193;73203.0;-0.631;-0.061
194;73242.0;-0.597;0.28800000000000003
195;73281.0;-0.22699999999999998;0.09300000000000001
196;73320.0;-0.315;0.387
197;73359.0;0.18100000000000002;0.131
198;73398.0;-0.040999999999999995;-0.102
199;73437.0;-0.012;0.498
200;73476.0;-0.465;-0.34700000000000003
201;73515.0;-0.9359999999999999;0.45299999999999996
202;73554.0;-0.228;-1.32
203;73593.0;0.547;-0.14800000000000002
204;73632.0;1.003;0.648
205;73671.0;0.847;-0.125
206;73710.0;0.037000000000000005;-0.07200000000000001
207;73749.0;-0.40299999999999997;0.287
208;73789.0;-1.215;0.9590000000000001
209;73828.0;-1.376;-0.006999999999999999
210;73867.0;-0.732;-0.182
211;73906.0;0.564;-0.415
212;73945.0;1.621;0.157
213;73984.0;0.517;1.0659999999999998
214;74023.0;-0.504;-0.872
215;74062.0;-0.657;-0.812
216;74101.0;-0.536;1.08
217;74140.0;-0.47200000000000003;0.365
218;74179.0;-0.39399999999999996;-0.863
219;74218.0;0.61;-0.875
220;74257.0;1.072;0.242
221;74296.0;-0.11800000000000001;0.951
222;74335.0;-0.912;-0.149
223;74374.0;-1.183;0.299
224;74414.0;-0.7090000000000001;0.168
225;74453.0;-0.319;-0.8170000000000001
226;74492.0;-0.018000000000000002;-0.17
227;74531.0;0.873;-0.05
228;74570.0;0.894;0.034
229;74609.0;0.161;-0.11
230;74648.0;-0.215;-0.16399999999999998
231;74687.0;-0.6629999999999999;0.55
232;74726.0;-0.542;0.215
233;74765.0;-0.428;-0.40399999999999997
234;74804.0;-0.17;-0.023
235;74843.0;0.537;-0.809
236;74882.0;-0.06;0.418
237;74921.0;-0.789;0.303
238;74960.0;-1.0070000000000001;-0.09
239;74999.0;-0.36200000000000004;0.23399999999999999
240;75039.0;0.8009999999999999;-0.51
241;75078.0;0.654;0.39299999999999996
242;75117.0;0.016;0.02
243;75156.0;-0.608;0.026000000000000002
244;75195.0;-0.945;0.35
245;75234.0;-0.7829999999999999;-0.324
246;75273.0;-0.386;-0.099
247;75312.0;0.6629999999999999;-0.581
248;75351.0;1.446;-0.877
249;75390.0;0.884;-0.179
250;75429.0;-0.318;0.22899999999999998
251;75468.0;-1.053;0.27899999999999997
252;75507.0;-0.9490000000000001;0.547
253;75546.0;-0.083;-0.258
254;75585.0;0.34;0.322
255;75624.0;0.588;0.529
256;75664.0;0.071;0.546
257;75703.0;-0.536;-0.645
258;75742.0;-0.486;-0.9590000000000001
259;75781.0;-0.445;0.932
260;75820.0;-0.526;-0.154
261;75859.0;-0.034;-0.727
262;75898.0;0.34299999999999997;0.18600000000000003
263;75937.0;0.434;-0.45899999999999996
264;75976.0;-0.802;1.013
265;76015.0;-1.274;0.9670000000000001
266;76054.0;-0.39799999999999996;-1.281
267;76093.0;0.583;0.062
268;76132.0;0.6679999999999999;0.573
269;76171.0;-0.048;0.192
270;76210.0;-0.76;0.071
271;76249.0;-0.131;0.16
272;76289.0;0.182;-0.094
273;76328.0;0.04;-0.258
274;76367.0;-0.29;-0.48700000000000004
275;76406.0;-0.003;-0.39899999999999997
276;76445.0;-0.066;0.19899999999999998
277;76484.0;-0.4;0.674
278;76523.0;-0.391;-0.092
279;76562.0;-0.057;-0.11199999999999999
280;76601.0;0.479;-0.7390000000000001
281;76640.0;-0.18600000000000003;0.276
282;76679.0;-1.405;0.855
283;76718.0;-1.456;-0.092
284;76757.0;-0.07200000000000001;0.51
285;76796.0;1.294;-0.741
286;76835.0;0.9520000000000001;-0.511
287;76874.0;-0.18600000000000003;0.16699999999999998
288;76914.0;-1.055;0.507
289;76953.0;-1.1640000000000001;0.406
290;76992.0;-0.14800000000000002;-0.395
291;77031.0;0.545;-0.426
292;77070.0;0.6829999999999999;-0.35100000000000003
293;77109.0;0.11;0.45
294;77148.0;-0.44299999999999995;1.053
295;77187.0;-0.83;-0.053
296;77226.0;-0.488;0.387
297;77265.0;0.312;-0.331
298;77304.0;0.496;-0.147
299;77343.0;0.23600000000000002;0.313
300;77382.0;-0.064;-0.171
301;77421.0;-0.309;-0.024
302;77460.0;-0.282;-0.377
303;77499.0;-0.368;-0.013000000000000001
304;77539.0;-0.07400000000000001;0.215
305;77578.0;0.31;-0.087
306;77617.0;0.341;-0.113
307;77656.0;0.594;-0.057
308;77695.0;-0.087;0.632
309;77734.0;-0.409;0.179
310;77773.0;-0.38799999999999996;-0.076
311;77812.0;0.08900000000000001;-0.057
312;77851.0;0.617;-0.449
313;77890.0;0.49200000000000005;0.066
314;77929.0;-0.18899999999999997;-0.568
315;77968.0;-0.523;-0.115
316;78007.0;-0.623;0.345
317;78046.0;-0.68;0.618
318;78085.0;-0.414;-0.445
319;78124.0;0.294;-0.6729999999999999
320;78164.0;0.7;-0.03
321;78203.0;0.47700000000000004;0.602
322;78242.0;-0.102;0.5589999999999999
323;78281.0;-0.436;0.036000000000000004
324;78320.0;-0.319;-0.6629999999999999
325;78359.0;-0.165;0.038
326;78398.0;-0.069;0.594
327;78437.0;-0.091;-0.15
328;78476.0;0.013000000000000001;-0.102
329;78515.0;0.036000000000000004;-0.057
330;78554.0;-0.215;-0.204
331;78593.0;-0.33399999999999996;0.155
332;78632.0;-0.16699999999999998;-0.003
333;78671.0;0.273;-0.32
334;78710.0;0.905;-0.414
335;78749.0;1.046;0.384
336;78789.0;0.88;-0.42200000000000004
337;78828.0;-0.128;-0.233
338;78867.0;-0.47100000000000003;0.266
339;78906.0;-0.8759999999999999;0.467
340;78945.0;-0.172;-0.16
341;78984.0;0.505;-1.002
342;79023.0;0.87;-0.172
343;79062.0;0.484;-0.735
344;79101.0;-0.5760000000000001;0.843
345;79140.0;-1.3659999999999999;0.5489999999999999
346;79179.0;-1.222;-0.015
347;79218.0;-0.5579999999999999;0.008
348;79257.0;0.317;0.23
349;79296.0;0.36200000000000004;-0.129
350;79335.0;-0.027000000000000003;-0.1
351;79374.0;-0.38299999999999995;0.205
352;79414.0;-0.629;0.44799999999999995
353;79453.0;-0.644;0.254
354;79492.0;-0.259;-0.24
355;79531.0;0.605;-0.69
356;79570.0;0.97;-0.40299999999999997
357;79609.0;0.593;-0.183
358;79648.0;0.105;-0.315
359;79687.0;-0.15;0.09699999999999999
360;79726.0;-0.125;0.033
361;79765.0;-0.184;0.07200000000000001
362;79804.0;0.039;-0.32299999999999995
363;79843.0;0.272;-0.23199999999999998
364;79882.0;0.526;-0.071
365;79921.0;0.6659999999999999;0.055
366;79960.0;0.285;-0.1
367;79999.0;-0.32;-0.158
368;80039.0;-0.6970000000000001;0.18
369;80078.0;-0.8240000000000001;0.35200000000000004
370;80117.0;-0.146;0.07400000000000001
371;80156.0;0.35600000000000004;-0.512
372;80195.0;1.104;-1.081
373;80234.0;0.299;-0.28
374;80273.0;-0.888;0.9129999999999999
375;80312.0;-1.473;0.172
376;80351.0;-0.753;0.188
377;80390.0;0.45299999999999996;-0.855
378;80429.0;0.897;0.19399999999999998
379;80468.0;0.034;0.6829999999999999
380;80507.0;-0.16699999999999998;-0.34700000000000003
381;80546.0;-0.01;-1.099
382;80585.0;0.14800000000000002;-0.14800000000000002
383;80624.0;-0.396;0.039
384;80664.0;-0.371;0.2
385;80703.0;0.18100000000000002;0.159
386;80742.0;1.232;-0.633
387;80781.0;0.903;-0.38
388;80820.0;0.078;0.18899999999999997
389;80859.0;-0.38299999999999995;-0.414
390;80898.0;-0.51;0.9740000000000001
391;80937.0;-0.14400000000000002;-0.099
392;80976.0;-0.222;0.223
393;81015.0;-0.151;0.28300000000000003
394;81054.0;0.17600000000000002;-0.7440000000000001
395;81093.0;0.506;0.057
396;81132.0;0.672;-0.28
397;81171.0;0.258;-1.097
398;81210.0;-0.44799999999999995;-0.43700000000000006
399;81249.0;-0.349;0.645
400;81289.0;-0.5760000000000001;0.9109999999999999
401;81328.0;0.005;-0.302
402;81367.0;0.695;-0.53
403;81406.0;0.872;0.109
404;81445.0;0.163;-0.253
405;81484.0;-1.0290000000000001;0.888
406;81523.0;-0.664;-0.581
407;81562.0;0.49200000000000005;-1.405
408;81601.0;1.01;-0.175
409;81640.0;0.726;-0.027000000000000003
410;81679.0;-0.28600000000000003;0.535
411;81718.0;-0.07200000000000001;0.19
412;81757.0;0.40700000000000003;0.447
413;81796.0;0.132;0.004
414;81835.0;-0.305;0.063
415;81874.0;-0.2;0.282
416;81914.0;0.284;-0.593
417;81953.0;0.526;0.049
418;81992.0;-0.12300000000000001;0.192
419;82031.0;-0.978;-0.109
420;82070.0;-0.256;0.115
421;82109.0;0.721;0.33299999999999996
422;82148.0;1.068;-0.47
423;82187.0;0.659;-0.9229999999999999
424;82226.0;-0.046;0.789
425;82265.0;-0.322;0.364
426;82304.0;-0.006;0.309
427;82343.0;0.519;0.5710000000000001
428;82382.0;0.544;0.755
429;82421.0;0.34600000000000003;0.09300000000000001
430;82460.0;0.063;-0.374
431;82499.0;0.136;-0.5479999999999999
432;82539.0;-0.06;-0.115
433;82578.0;0.08800000000000001;0.544
434;82617.0;0.5710000000000001;-0.848
435;82656.0;1.198;-0.87
436;82695.0;1.133;0.228
437;82734.0;0.031;0.6679999999999999
438;82773.0;-1.08;0.488
439;82812.0;-1.182;0.8009999999999999
440;82851.0;-0.18;-0.324
441;82890.0;0.777;-0.564
442;82929.0;0.7240000000000001;0.2
443;82968.0;0.415;-0.622
444;83007.0;-0.032;-0.528
445;83046.0;-0.040999999999999995;0.022000000000000002
446;83085.0;-0.373;1.04
447;83124.0;0.028999999999999998;0.12
448;83164.0;0.679;-0.43200000000000005
449;83203.0;1.018;0.531
450;83242.0;0.5379999999999999;-0.11199999999999999
451;83281.0;-0.396;0.6459999999999999
452;83320.0;-0.579;-0.068
453;83359.0;0.289;-0.38299999999999995
454;83398.0;0.265;0.37
455;83437.0;-0.408;-0.107
456;83476.0;-0.9179999999999999;-0.5539999999999999
457;83515.0;-0.39;0.384
458;83554.0;0.5770000000000001;-0.325
459;83593.0;0.9309999999999999;-0.124
460;83632.0;0.696;0.594
461;83671.0;-0.098;0.763
462;83710.0;-0.652;0.43
463;83749.0;-0.313;-0.225
464;83789.0;0.002;-0.11900000000000001
465;83828.0;0.675;-0.897
466;83867.0;0.6609999999999999;-0.177
467;83906.0;0.522;-0.034
468;83945.0;-0.14800000000000002;0.07200000000000001
469;83984.0;-0.754;0.595
470;84023.0;-0.79;-0.32799999999999996
471;84062.0;-0.034;0.855
472;84101.0;0.5379999999999999;0.213
473;84140.0;0.9109999999999999;-0.56
474;84179.0;0.251;0.387
475;84218.0;-0.46799999999999997;0.887
476;84257.0;-0.773;-0.254
477;84296.0;-0.479;-0.158
478;84335.0;0.13699999999999998;-0.596
479;84374.0;0.295;-0.23199999999999998
480;84414.0;0.315;0.442
481;84453.0;0.46;-0.51
482;84492.0;0.711;-0.042
483;84531.0;0.384;-0.04
484;84570.0;-0.664;0.95
485;84609.0;-1.001;0.527
486;84648.0;-0.506;0.22899999999999998
487;84687.0;0.725;-0.171
488;84726.0;0.922;-0.595
489;84765.0;0.35700000000000004;0.023
490;84804.0;-0.124;-0.741
491;84843.0;-0.446;-0.326
492;84882.0;-0.301;-0.273
493;84921.0;-0.425;0.706
494;84960.0;-0.517;0.8490000000000001
495;84999.0;-0.01;0.053
496;85039.0;0.466;0.332
497;85078.0;0.439;-0.024
498;85117.0;-0.34299999999999997;0.12300000000000001
499;85156.0;-0.58;-0.354
500;85195.0;-0.128;-0.358
501;85234.0;0.26899999999999996;-0.065
502;85273.0;0.4;-0.474
503;85312.0;0.62;-0.258
504;85351.0;0.716;-0.354
505;85390.0;0.46;-0.379
506;85429.0;-0.336;0.8540000000000001
507;85468.0;-0.74;0.782
508;85507.0;-0.5720000000000001;-0.406
509;85546.0;0.299;0.043
510;85585.0;0.606;0.544
511;85624.0;0.396;-0.273
512;85664.0;0.001;-0.628
513;85703.0;0.166;-0.254
514;85742.0;0.138;-0.6940000000000001
515;85781.0;-0.496;0.473
516;85820.0;-0.35100000000000003;-0.128
517;85859.0;0.231;-0.51
518;85898.0;0.561;0.306
519;85937.0;0.44299999999999995;-0.275
520;85976.0;-0.295;0.297
521;86015.0;-0.27699999999999997;0.389
522;86054.0;-0.664;0.535
523;86093.0;-0.8;0.331
524;86132.0;-0.28600000000000003;-0.991
525;86171.0;0.40399999999999997;0.01
526;86210.0;1.215;-0.778
527;86249.0;0.795;-0.068
528;86289.0;0.2;0.08199999999999999
529;86328.0;0.085;-0.4
530;86367.0;-0.114;0.655
531;86406.0;-0.003;-0.043
532;86445.0;0.006;-0.17800000000000002
533;86484.0;0.354;-0.091
534;86523.0;0.8390000000000001;-0.243
535;86562.0;0.114;0.327
536;86601.0;-0.183;0.015
537;86640.0;-0.529;0.391
538;86679.0;-0.053;0.016
539;86718.0;0.24600000000000002;-0.77
540;86757.0;0.185;0.094
541;86796.0;0.145;-0.541
542;86835.0;-0.203;0.145
543;86874.0;-0.249;-0.16
544;86914.0;-0.039;-0.11699999999999999
545;86953.0;0.285;0.602
546;86992.0;0.264;0.281
547;87031.0;-0.136;-0.09699999999999999
548;87070.0;0.248;-0.877
549;87109.0;0.145;0.23800000000000002
550;87148.0;0.005;0.33299999999999996
551;87187.0;0.121;-0.213
552;87226.0;0.45;-0.057999999999999996
553;87265.0;0.805;-0.535
554;87304.0;0.188;0.08900000000000001
555;87343.0;-0.386;0.067
556;87382.0;-0.374;0.022000000000000002
557;87421.0;-0.311;0.207
558;87460.0;-0.19899999999999998;0.385
559;87499.0;0.106;0.09300000000000001
560;87539.0;0.325;-0.386
561;87578.0;0.321;-0.22399999999999998
562;87617.0;-0.261;0.133
563;87656.0;-0.7090000000000001;0.391
564;87695.0;-0.361;0.262
565;87734.0;0.526;0.26
566;87773.0;0.872;-0.32
567;87812.0;0.622;-0.38799999999999996
568;87851.0;-0.27399999999999997;0.57
569;87890.0;-0.446;0.068
570;87929.0;-0.43200000000000005;-0.46799999999999997
571;87968.0;0.11699999999999999;-0.7490000000000001
572;88007.0;0.501;-0.741
573;88046.0;0.253;1.021
574;88085.0;0.09300000000000001;0.5
575;88124.0;-0.193;-0.067
576;88164.0;-0.207;0.013999999999999999
577;88203.0;-0.032;0.31
578;88242.0;-0.037000000000000005;0.49200000000000005
579;88281.0;0.062;0.16399999999999998
580;88320.0;0.20600000000000002;0.062
581;88359.0;0.138;-0.395
582;88398.0;-0.331;-0.157
583;88437.0;-0.87;0.149
584;88476.0;-0.5870000000000001;-0.5489999999999999
585;88515.0;0.17600000000000002;-0.767
586;88554.0;0.655;0.33
587;88593.0;0.446;0.58
588;88632.0;-0.18600000000000003;0.027999999999999997
589;88671.0;-0.5489999999999999;0.192
590;88710.0;-0.262;0.617
591;88749.0;-0.215;0.873
592;88789.0;0.353;-0.069
593;88828.0;0.584;-0.789
594;88867.0;0.496;0.14400000000000002
595;88906.0;0.11199999999999999;-0.261
596;88945.0;-0.33799999999999997;0.451
597;88984.0;-0.395;-0.298
598;89023.0;-0.203;-0.402
599;89062.0;-0.077;0.062
600;89101.0;0.201;-0.08199999999999999
601;89140.0;0.113;0.271
602;89179.0;-0.27899999999999997;0.6970000000000001
603;89218.0;-0.615;0.528
604;89257.0;-0.565;0.152
605;89296.0;0.585;-0.5329999999999999
606;89335.0;0.9990000000000001;-0.368
607;89374.0;0.46;0.42700000000000005
608;89414.0;-0.32299999999999995;-0.32
609;89453.0;-0.863;0.282
610;89492.0;-0.134;-0.105
611;89531.0;0.502;0.314
612;89570.0;0.542;0.547
613;89609.0;0.728;-0.26
614;89648.0;0.366;-0.40399999999999997
615;89687.0;0.021;-0.023
616;89726.0;-0.511;0.596
617;89765.0;-0.7959999999999999;-0.182
618;89804.0;0.121;-0.563
619;89843.0;0.78;0.087
620;89882.0;0.627;0.107
621;89921.0;-0.35;0.74
622;89960.0;-0.643;0.325
623;89999.0;-0.599;-0.807
624;90039.0;-0.27899999999999997;0.419
625;90078.0;0.244;0.6829999999999999
626;90117.0;0.48;-0.45899999999999996
627;90156.0;0.502;-0.171
628;90195.0;0.451;0.544
629;90234.0;-0.579;-0.023
630;90273.0;-0.99;-0.149
631;90312.0;-0.519;0.281
632;90351.0;0.5670000000000001;-0.18600000000000003
633;90390.0;0.69;-0.25
634;90429.0;0.816;-0.061
635;90468.0;0.331;-0.397
636;90507.0;-0.529;0.389
637;90546.0;-1.1159999999999999;0.092
638;90585.0;-0.669;0.317
639;90624.0;0.255;0.253
640;90664.0;0.935;0.07200000000000001
641;90703.0;0.514;-0.386
642;90742.0;0.136;-0.11199999999999999
643;90781.0;-0.606;0.386
644;90820.0;-0.63;0.7070000000000001
645;90859.0;-0.563;-0.22
646;90898.0;-0.187;0.152
647;90937.0;0.251;-0.244
648;90976.0;0.292;0.27699999999999997
649;91015.0;-0.138;-0.43700000000000006
650;91054.0;-0.495;-0.8809999999999999
651;91093.0;-0.706;-0.215
652;91132.0;-0.7170000000000001;0.449
653;91171.0;-0.9570000000000001;1.227
654;91210.0;-0.011000000000000001;-0.002
655;91249.0;1.1159999999999999;-0.33899999999999997
656;91289.0;1.525;0.08199999999999999
657;91328.0;0.67;0.396
658;91367.0;-0.69;0.115
659;91406.0;-0.5;-0.536
660;91445.0;0.034;0.111
661;91484.0;0.086;-0.187
662;91523.0;-0.247;0.095
663;91562.0;-0.32799999999999996;0.113
664;91601.0;0.27899999999999997;-0.9670000000000001
665;91640.0;0.209;-0.076
666;91679.0;-0.32299999999999995;0.20199999999999999
667;91718.0;-1.158;0.425
668;91757.0;-0.622;0.611
669;91796.0;0.488;-0.522
670;91835.0;0.735;-0.39
671;91874.0;0.223;-0.01
672;91914.0;-0.287;0.57
673;91953.0;-0.499;-0.43
674;91992.0;0.015;-0.369
675;92031.0;0.09300000000000001;0.705
676;92070.0;0.09699999999999999;0.006
677;92109.0;-0.044000000000000004;-0.231
678;92148.0;0.29600000000000004;0.44
679;92187.0;0.141;-0.10800000000000001
680;92226.0;-0.35;-0.005
681;92265.0;-0.29600000000000004;-0.31
682;92304.0;0.055999999999999994;-0.003
683;92343.0;0.11900000000000001;0.065
684;92382.0;0.015;-0.319
685;92421.0;-0.609;-0.287
686;92460.0;-0.611;-0.045
687;92499.0;-0.292;0.217
688;92539.0;0.152;-0.036000000000000004
689;92578.0;0.525;-0.434
690;92617.0;0.29;0.23800000000000002
691;92656.0;-0.281;0.17600000000000002
692;92695.0;-0.8909999999999999;0.43799999999999994
693;92734.0;-0.597;0.187
694;92773.0;0.052000000000000005;-0.406
695;92812.0;0.629;-0.732
696;92851.0;0.7190000000000001;-0.315
697;92890.0;0.038;0.387
698;92929.0;-0.59;-0.33399999999999996
699;92968.0;-0.7659999999999999;-0.258
700;93007.0;-0.064;0.067
701;93046.0;0.727;-0.396
702;93085.0;0.8320000000000001;-0.166
703;93124.0;0.75;0.098
704;93164.0;-0.03;0.6679999999999999
705;93203.0;-0.721;0.21600000000000003
706;93242.0;-0.40700000000000003;-0.858
707;93281.0;-0.045;-0.42
708;93320.0;0.4;-0.293
709;93359.0;0.037000000000000005;-0.171
710;93398.0;-0.358;0.38299999999999995
711;93437.0;-0.13699999999999998;-0.040999999999999995
712;93476.0;-0.401;0.648
713;93515.0;-0.387;-0.122
714;93554.0;-0.24100000000000002;-0.006999999999999999
715;93593.0;0.10800000000000001;0.184
716;93632.0;0.313;-0.397
717;93671.0;0.059000000000000004;-0.028999999999999998
718;93710.0;-0.62;-0.507
719;93749.0;-1.151;0.168
720;93789.0;-0.42700000000000005;0.324
721;93828.0;0.5329999999999999;0.14
722;93867.0;0.9840000000000001;-0.516
723;93906.0;0.6679999999999999;-0.364
724;93945.0;-0.087;0.595
725;93984.0;-0.319;-0.06
726;94023.0;-0.579;0.447
727;94062.0;-0.413;0.057999999999999996
728;94101.0;-0.081;-0.584
729;94140.0;0.04;0.405
730;94179.0;0.1;0.111
731;94218.0;-0.31;-0.129
732;94257.0;-0.499;0.14800000000000002
733;94296.0;0.252;-0.55
734;94335.0;0.361;0.122
735;94374.0;0.28600000000000003;0.23
736;94414.0;-0.6759999999999999;0.163
737;94453.0;-0.98;0.639
738;94492.0;-0.731;0.33899999999999997
739;94531.0;-0.298;0.242
740;94570.0;0.129;-0.43700000000000006
741;94609.0;0.273;0.45
742;94648.0;-0.027000000000000003;-0.152
743;94687.0;0.028999999999999998;-0.11599999999999999
744;94726.0;-0.151;-0.147
745;94765.0;0.177;-0.28300000000000003
746;94804.0;0.561;0.054000000000000006
747;94843.0;0.248;0.519
748;94882.0;-0.019;-0.41200000000000003
749;94921.0;-0.172;-0.068
750;94960.0;0.037000000000000005;0.335
751;94999.0;0.282;-0.23199999999999998
752;95039.0;0.10099999999999999;0.111
753;95078.0;0.15;-0.529
754;95117.0;-0.131;0.371
755;95156.0;-0.152;0.414
756;95195.0;-0.249;-0.48700000000000004
757;95234.0;-0.48;0.19
758;95273.0;-0.076;0.012
759;95312.0;0.146;0.034
760;95351.0;0.14800000000000002;-0.43799999999999994
761;95390.0;0.157;-0.633
762;95429.0;-0.33;0.8140000000000001
763;95468.0;-0.479;0.45899999999999996
764;95507.0;-0.145;-0.436
765;95546.0;0.29100000000000004;-0.434
766;95585.0;0.46299999999999997;-0.58
767;95624.0;-0.275;0.354
768;95664.0;-0.6;0.16
769;95703.0;-0.449;0.044000000000000004
770;95742.0;0.187;-0.168
771;95781.0;0.54;-0.012
772;95820.0;0.084;0.726
773;95859.0;-0.052000000000000005;-1.041
774;95898.0;-0.136;0.066
775;95937.0;-0.062;0.6659999999999999
776;95976.0;-0.187;-0.151
777;96015.0;-0.048;0.051
778;96054.0;0.511;-0.09
779;96093.0;0.16699999999999998;-0.135
780;96132.0;-0.546;-0.125
781;96171.0;-0.565;-0.307
782;96210.0;-0.48700000000000004;-0.40299999999999997
783;96249.0;-0.043;0.397
784;96289.0;0.207;0.413
785;96328.0;0.243;0.012
786;96367.0;0.5820000000000001;-0.804
787;96406.0;0.45399999999999996;-0.2
788;96445.0;-0.035;0.033
789;96484.0;-0.6659999999999999;0.715
790;96523.0;-0.8490000000000001;0.319
791;96562.0;-0.321;-0.669
792;96601.0;0.28600000000000003;0.45299999999999996
793;96640.0;0.8170000000000001;-0.217
794;96679.0;0.341;-0.098
795;96718.0;-0.258;0.004
796;96757.0;-0.469;-0.14300000000000002
797;96796.0;-0.508;0.629
798;96835.0;0.08800000000000001;0.066
799;96874.0;0.034;-0.152
800;96914.0;0.174;-1.203
801;96953.0;0.009000000000000001;-0.111
802;96992.0;-0.6779999999999999;1.4409999999999998
803;97031.0;-0.894;-0.151
804;97070.0;-0.5379999999999999;-0.157
805;97109.0;0.8859999999999999;-0.696
806;97148.0;1.472;-0.9620000000000001
807;97187.0;0.408;0.175
808;97226.0;-0.7090000000000001;-0.091
809;97265.0;-1.555;0.732
810;97304.0;-0.773;0.327
811;97343.0;0.568;-0.22699999999999998
812;97382.0;1.141;-0.07
813;97421.0;1.043;-0.525
814;97460.0;0.198;-0.07400000000000001
815;97499.0;-0.628;-0.031
816;97539.0;-0.693;0.035
817;97578.0;-0.179;0.006999999999999999
818;97617.0;1.1179999999999999;-0.7959999999999999
819;97656.0;1.442;0.196
820;97695.0;0.731;-0.479
821;97734.0;-0.617;-0.114
822;97773.0;-1.1909999999999998;0.309
823;97812.0;-0.8809999999999999;0.092
824;97851.0;0.245;-0.132
825;97890.0;0.778;-0.5479999999999999
826;97929.0;1.079;-0.107
827;97968.0;0.251;0.292
828;98007.0;-0.252;0.444
829;98046.0;-0.556;-0.077
830;98085.0;-0.098;-0.133
831;98124.0;0.542;-0.5710000000000001
832;98164.0;0.934;0.302
833;98203.0;0.644;-0.5
834;98242.0;0.28300000000000003;-0.72
835;98281.0;-0.517;0.18
836;98320.0;-0.609;0.166
837;98359.0;-0.325;0.368
838;98398.0;0.402;0.43700000000000006
839;98437.0;0.9079999999999999;-0.255
840;98476.0;0.6859999999999999;-0.268
841;98515.0;-0.14400000000000002;0.139
842;98554.0;-0.361;0.046
843;98593.0;-0.483;0.461
844;98632.0;-0.245;-0.156
845;98671.0;-0.10099999999999999;-0.205
846;98710.0;0.23199999999999998;-0.214
847;98749.0;0.965;-1.1179999999999999
848;98789.0;0.634;0.486
849;98828.0;-0.099;0.439
850;98867.0;-0.501;0.20600000000000002
851;98906.0;-0.33799999999999997;0.764
852;98945.0;0.298;-0.424
853;98984.0;0.47200000000000003;-0.095
854;99023.0;0.46799999999999997;0.055999999999999994
855;99062.0;0.055;-0.526
856;99101.0;-0.28300000000000003;-0.799
857;99140.0;-0.11699999999999999;0.24
858;99179.0;-0.051;0.589
859;99218.0;0.314;-0.588
860;99257.0;0.6679999999999999;0.44
861;99296.0;0.562;0.128
862;99335.0;-0.265;-0.147
863;99374.0;-0.519;0.81
864;99414.0;-0.261;0.152
865;99453.0;0.273;-0.8220000000000001
866;99492.0;0.743;-0.517
867;99531.0;0.37;0.11699999999999999
868;99570.0;-0.504;0.114
869;99609.0;-1.169;0.9420000000000001
870;99648.0;-1.149;0.618
871;99687.0;-0.157;-0.305
872;99726.0;0.9440000000000001;-0.674
873;99765.0;1.205;-0.46299999999999997
874;99804.0;0.39899999999999997;-0.262
875;99843.0;-0.532;0.209
876;99882.0;-0.915;0.743
877;99921.0;-0.265;0.168
878;99960.0;0.97;-0.626
879;99999.0;1.2570000000000001;0.204
880;100040.0;1.073;-0.011000000000000001
881;100080.0;-0.24100000000000002;0.41
882;100120.0;-1.111;0.528
883;100160.0;-1.264;-0.263
884;100200.0;-0.48100000000000004;0.258
885;100230.0;1.001;-0.198
886;100270.0;1.3840000000000001;0.2
887;100310.0;0.499;-0.29600000000000004
888;100350.0;-0.7340000000000001;0.332
889;100390.0;-1.493;0.626
890;100430.0;-0.8690000000000001;-0.764
891;100470.0;0.215;-0.222
892;100510.0;1.25;-0.34
893;100550.0;1.482;-0.231
894;100580.0;0.9470000000000001;0.611
895;100620.0;-0.146;0.23800000000000002
896;100660.0;-1.1440000000000001;0.547
897;100700.0;-1.056;0.731
898;100740.0;0.20600000000000002;-0.027999999999999997
899;100780.0;1.055;-0.634
900;100820.0;1.129;-0.49
901;100860.0;-0.038;0.069
902;100900.0;-0.778;-0.09300000000000001
903;100940.0;-0.485;-0.513
904;100980.0;0.10400000000000001;0.06
905;101020.0;0.259;-0.075
906;101050.0;0.24600000000000002;0.649
907;101090.0;0.146;0.509
908;101130.0;0.066;-0.21
909;101170.0;-0.213;-0.099
910;101210.0;-0.086;0.307
911;101250.0;0.545;0.07
912;101290.0;0.767;-0.18600000000000003
913;101330.0;0.884;-0.488
914;101370.0;0.244;-0.29100000000000004
915;101410.0;-0.42200000000000004;0.441
916;101440.0;-0.927;-0.059000000000000004
917;101480.0;-0.708;-0.158
918;101520.0;0.16399999999999998;-0.5
919;101560.0;1.047;-0.31
920;101600.0;1.12;0.21899999999999997
921;101640.0;0.391;0.747
922;101680.0;-0.442;0.19
923;101720.0;-0.405;-0.39799999999999996
924;101760.0;0.013999999999999999;0.155
925;101800.0;0.175;-0.005
926;101840.0;-0.073;0.08
927;101870.0;0.307;-0.193
928;101910.0;0.713;-0.402
929;101950.0;0.665;-0.102
930;101990.0;-0.015;-0.483
931;102030.0;-0.376;0.273
932;102070.0;-0.4;0.924
933;102110.0;0.313;0.254
934;102150.0;0.28300000000000003;0.35100000000000003
935;102190.0;0.48200000000000004;0.185
936;102230.0;0.5760000000000001;-0.7659999999999999
937;102260.0;0.061;0.29
938;102300.0;-0.38;-0.102
939;102340.0;-0.22;-0.498
940;102380.0;0.415;-0.10300000000000001
941;102420.0;1.056;-0.065
942;102460.0;0.428;-0.051
943;102500.0;-0.20199999999999999;0.114
944;102540.0;-0.52;0.157
945;102580.0;-0.303;0.39299999999999996
946;102620.0;-0.08;0.258
947;102660.0;-0.218;-0.129
948;102700.0;0.05;-0.303
949;102730.0;0.28300000000000003;0.092
950;102770.0;-0.307;0.111
951;102810.0;-0.985;0.19899999999999998
952;102850.0;-1.197;0.095
953;102890.0;-0.611;0.397
954;102930.0;0.209;-0.212
955;102970.0;0.377;-0.5770000000000001
956;103010.0;0.539;-0.7979999999999999
957;103050.0;0.39299999999999996;0.17800000000000002
958;103080.0;-0.094;0.551
959;103120.0;-0.426;-0.027000000000000003
960;103160.0;-0.75;0.46799999999999997
961;103200.0;-0.402;-0.046
962;103240.0;-0.099;0.321
963;103280.0;0.452;0.192
964;103320.0;1.079;-0.5820000000000001
965;103360.0;1.17;-0.8320000000000001
966;103400.0;0.948;-0.409
967;103440.0;0.047;0.685
968;103480.0;-0.828;0.245
969;103520.0;-1.2690000000000001;0.424
970;103550.0;-0.9690000000000001;0.106
971;103590.0;-0.14400000000000002;-0.033
972;103630.0;0.607;-0.365
973;103670.0;1.13;-0.703
974;103710.0;0.243;0.24
975;103750.0;-0.833;-0.067
976;103790.0;-1.254;0.244
977;103830.0;-0.7559999999999999;0.6629999999999999
978;103870.0;0.14800000000000002;-0.354
979;103910.0;0.705;0.049
980;103940.0;1.2690000000000001;-0.40700000000000003
981;103980.0;0.81;-0.42200000000000004
982;104020.0;0.087;-0.12300000000000001
983;104060.0;-0.321;0.092
984;104100.0;-0.435;0.3
985;104140.0;-0.031;0.264
986;104180.0;0.19399999999999998;0.27
987;104220.0;0.055;-0.27399999999999997
988;104260.0;0.23600000000000002;-0.369
989;104300.0;0.16;0.285
990;104340.0;0.203;-0.337
991;104370.0;-0.364;-0.111
992;104410.0;-0.7809999999999999;0.86
993;104450.0;-0.278;-0.382
994;104490.0;0.32;0.16899999999999998
995;104530.0;0.907;-0.257
996;104570.0;0.6679999999999999;-0.265
997;104610.0;-0.48700000000000004;0.69
998;104650.0;-1.003;-0.012
999;104690.0;-0.9740000000000001;-0.17800000000000002
1000;104730.0;-0.095;-0.316
1001;104760.0;0.602;0.102
1002;104800.0;0.7020000000000001;0.373
1003;104840.0;0.449;-0.322
1004;104880.0;0.102;-0.124
1005;104920.0;-0.38;0.319
1006;104960.0;-0.508;-0.066
1007;105000.0;-0.13699999999999998;0.457
1008;105040.0;0.46299999999999997;0.335
1009;105080.0;1.0070000000000001;-0.478
1010;105120.0;0.763;-0.023
1011;105160.0;-0.068;0.276
1012;105200.0;-0.627;0.073
1013;105230.0;-0.49;0.113
1014;105270.0;0.024;-0.537
1015;105310.0;0.6970000000000001;0.019
1016;105350.0;0.506;0.54
1017;105390.0;-0.015;-0.036000000000000004
1018;105430.0;-0.151;-0.107
1019;105470.0;-0.508;0.722
1020;105510.0;-0.439;-0.177
1021;105550.0;-0.259;0.062
1022;105580.0;0.44299999999999995;0.547
1023;105620.0;0.715;-0.10800000000000001
1024;105660.0;0.456;0.132
1025;105700.0;-0.142;-0.455
1026;105740.0;-0.32299999999999995;-0.39299999999999996
1027;105780.0;-0.37200000000000005;0.16899999999999998
1028;105820.0;0.08900000000000001;-0.063
1029;105860.0;0.26899999999999996;0.499
1030;105900.0;0.6920000000000001;0.16
1031;105940.0;0.33;0.09
1032;105980.0;-0.41200000000000003;0.222
1033;106020.0;-0.688;-0.6659999999999999
1034;106050.0;-0.171;0.431
1035;106090.0;0.051;0.387
1036;106130.0;0.32299999999999995;-0.69
1037;106170.0;0.289;-0.278
1038;106210.0;0.162;0.55
1039;106250.0;-0.225;0.5770000000000001
1040;106290.0;-0.38799999999999996;-0.19899999999999998
1041;106330.0;-0.21;-0.114
1042;106370.0;0.003;0.441
1043;106410.0;0.136;-0.005
1044;106440.0;0.107;-0.10099999999999999
1045;106480.0;0.10300000000000001;-0.049
1046;106520.0;0.21100000000000002;0.122
1047;106560.0;-0.17800000000000002;0.35700000000000004
1048;106600.0;-0.292;-0.6629999999999999
1049;106640.0;-0.6409999999999999;0.175
1050;106680.0;-0.512;0.852
1051;106720.0;-0.406;0.132
1052;106760.0;0.145;-0.245
1053;106800.0;0.731;-0.867
1054;106840.0;0.341;0.531
1055;106870.0;-0.711;0.815
1056;106910.0;-1.197;0.517
1057;106950.0;-0.414;-0.26
1058;106990.0;0.8009999999999999;-0.267
1059;107030.0;0.74;-0.17300000000000001
1060;107070.0;0.177;-0.043
1061;107110.0;-0.618;0.813
1062;107150.0;-0.61;-0.057
1063;107190.0;-0.5820000000000001;-0.49200000000000005
1064;107230.0;-0.43;0.659
1065;107260.0;0.353;-0.16399999999999998
1066;107300.0;0.7979999999999999;0.317
1067;107340.0;0.892;-0.23399999999999999
1068;107380.0;0.049;-0.429
1069;107420.0;-0.883;0.723
1070;107460.0;-0.603;-0.032
1071;107500.0;0.094;-0.39399999999999996
1072;107540.0;0.8959999999999999;-0.434
1073;107580.0;0.815;0.096
1074;107620.0;-0.574;0.478
1075;107660.0;-0.927;-0.001
1076;107700.0;-0.903;0.315
1077;107730.0;-0.504;0.384
1078;107770.0;-0.34700000000000003;-0.423
1079;107810.0;-0.424;0.064
1080;107850.0;0.025;-0.156
1081;107890.0;0.231;0.222
1082;107930.0;0.41600000000000004;0.11199999999999999
1083;107970.0;0.188;-0.212
1084;108010.0;-1.015;0.426
1085;108050.0;-1.4480000000000002;-0.003
1086;108080.0;-1.15;0.418
1087;108120.0;0.16699999999999998;0.09300000000000001
1088;108160.0;1.453;-1.135
1089;108200.0;1.482;0.11800000000000001
1090;108240.0;1.053;-0.299
1091;108280.0;-0.354;0.59
1092;108320.0;-1.1340000000000001;0.373
1093;108360.0;-1.642;-0.005
1094;108400.0;-1.556;1.1079999999999999
1095;108440.0;-0.9129999999999999;0.732
1096;108480.0;0.006999999999999999;-0.07
1097;108520.0;0.8859999999999999;-1.421
1098;108550.0;1.338;-0.47600000000000003
1099;108590.0;0.07200000000000001;0.067
1100;108630.0;-0.9390000000000001;-0.22699999999999998
1101;108670.0;-1.7590000000000001;0.42200000000000004
1102;108710.0;-1.055;0.46299999999999997
1103;108750.0;-0.048;-0.35100000000000003
1104;108790.0;0.71;0.39799999999999996
1105;108830.0;0.872;-0.278
1106;108870.0;0.39899999999999997;-0.146
1107;108910.0;-0.48700000000000004;-0.064
1108;108940.0;-0.867;0.019
1109;108980.0;-0.9590000000000001;0.31
1110;109020.0;-0.21100000000000002;-0.147
1111;109060.0;0.597;-0.615
1112;109100.0;0.605;-0.111
1113;109140.0;0.23800000000000002;-0.115
1114;109180.0;-0.57;0.311
1115;109220.0;-0.8370000000000001;0.311
1116;109260.0;-0.257;-0.41
1117;109300.0;0.09300000000000001;0.273
1118;109340.0;0.026000000000000002;0.019
1119;109370.0;0.052000000000000005;-0.252
1120;109410.0;-0.382;0.228
1121;109450.0;-0.024;-0.125
1122;109490.0;-0.353;0.184
1123;109530.0;-0.161;-0.035
1124;109570.0;0.33;-0.88
1125;109610.0;0.46;0.231
1126;109650.0;0.57;-0.672
1127;109690.0;-0.217;-0.225
1128;109730.0;-0.53;0.193
1129;109760.0;-0.894;0.591
1130;109800.0;-1.138;0.26
1131;109840.0;-0.486;-0.726
1132;109880.0;0.154;0.317
1133;109920.0;0.746;-0.41
1134;109960.0;0.665;-0.337
1135;110000.0;-0.10800000000000001;0.33
1136;110040.0;-0.6409999999999999;-0.031
1137;110080.0;-1.046;-0.086
1138;110120.0;-0.37;0.135
1139;110160.0;0.23800000000000002;-0.162
1140;110200.0;0.6920000000000001;-0.23600000000000002
1141;110230.0;0.581;-0.602
1142;110270.0;-0.564;-0.027000000000000003
1143;110310.0;-1.4;-0.067
1144;110350.0;-1.7269999999999999;0.29600000000000004
1145;110390.0;-0.583;0.359
1146;110430.0;0.987;-0.315
1147;110470.0;1.203;0.23199999999999998
1148;110510.0;0.848;-0.5539999999999999
1149;110550.0;-0.402;-0.295
1150;110580.0;-0.779;-0.161
1151;110620.0;-0.22;-0.627
1152;110660.0;0.228;0.645
1153;110700.0;0.909;-0.047
1154;110740.0;0.40700000000000003;0.26
1155;110780.0;-0.311;0.33
1156;110820.0;-0.5;-0.225
1157;110860.0;-0.745;0.595
1158;110900.0;0.254;-0.938
1159;110940.0;0.8290000000000001;-0.644
1160;110980.0;0.9670000000000001;0.237
1161;111020.0;0.054000000000000006;0.028999999999999998
1162;111050.0;-1.155;0.535
1163;111090.0;-0.9390000000000001;-0.652
1164;111130.0;0.126;0.223
1165;111170.0;1.041;-0.262
1166;111210.0;0.753;0.042
1167;111250.0;-0.369;0.43700000000000006
1168;111290.0;-1.182;0.044000000000000004
1169;111330.0;-1.236;0.5489999999999999
1170;111370.0;-0.295;-0.19699999999999998
1171;111410.0;0.8390000000000001;-0.648
1172;111440.0;0.8009999999999999;0.28800000000000003
1173;111480.0;0.5770000000000001;0.17600000000000002
1174;111520.0;-0.179;-0.371
1175;111560.0;-0.259;0.15
1176;111600.0;-0.156;-0.205
1177;111640.0;0.04;0.16
1178;111680.0;0.7290000000000001;0.005
1179;111720.0;0.9740000000000001;-0.231
1180;111760.0;0.32899999999999996;-0.475
1181;111800.0;-0.7070000000000001;0.18899999999999997
1182;111840.0;-1.168;0.578
1183;111870.0;-0.353;-0.392
1184;111910.0;0.493;-0.506
1185;111950.0;0.591;-0.33899999999999997
1186;111990.0;-0.21899999999999997;0.387
1187;112030.0;-0.4;0.48700000000000004
1188;112070.0;0.168;-0.369
1189;112110.0;0.45799999999999996;-0.195
1190;112150.0;0.066;0.294
1191;112190.0;-0.7390000000000001;0.69
1192;112230.0;-1.1440000000000001;0.545
1193;112260.0;-0.381;-0.9
1194;112300.0;0.435;-0.88
1195;112340.0;0.9840000000000001;-0.139
1196;112380.0;0.606;-0.24
1197;112420.0;0.087;0.7040000000000001
1198;112460.0;0.10800000000000001;0.21
1199;112500.0;-0.223;0.06
1200;112540.0;0.006999999999999999;-0.013000000000000001
1201;112580.0;0.102;0.213
1202;112620.0;0.073;0.396
1203;112660.0;0.353;-0.14800000000000002
1204;112700.0;0.124;0.11900000000000001
1205;112730.0;0.165;-0.821
1206;112770.0;-0.161;-0.33399999999999996
1207;112810.0;-0.865;0.866
1208;112850.0;-0.741;-0.41
1209;112890.0;-0.718;0.201
1210;112930.0;0.022000000000000002;0.08900000000000001
1211;112970.0;0.105;-0.47600000000000003
1212;113010.0;-0.18899999999999997;0.982
1213;113050.0;-0.265;0.273
1214;113080.0;-0.19399999999999998;0.19699999999999998
1215;113120.0;0.381;-0.484
1216;113160.0;0.33399999999999996;-0.272
1217;113200.0;0.33899999999999997;-0.22899999999999998
1218;113240.0;0.55;-0.745
1219;113280.0;0.32899999999999996;0.604
1220;113320.0;0.275;-0.20600000000000002
1221;113360.0;-0.125;0.098
1222;113400.0;-0.073;0.37799999999999995
1223;113440.0;0.49200000000000005;-0.16399999999999998
1224;113480.0;0.18600000000000003;0.551
1225;113520.0;0.35;-0.65
1226;113550.0;0.242;-0.491
1227;113590.0;0.168;0.34700000000000003
1228;113630.0;0.292;-0.239
1229;113670.0;-0.23600000000000002;0.035
1230;113710.0;0.35100000000000003;-0.8190000000000001
1231;113750.0;0.612;0.055999999999999994
1232;113790.0;0.226;0.424
1233;113830.0;-0.015;-0.516
1234;113870.0;-0.667;1.146
1235;113910.0;0.13699999999999998;-0.265
1236;113940.0;0.019;0.21899999999999997
1237;113980.0;-0.332;0.8059999999999999
1238;114020.0;-0.23800000000000002;-1.27
1239;114060.0;-0.28800000000000003;0.335
1240;114100.0;0.489;-0.001
1241;114140.0;0.43700000000000006;-0.03
1242;114180.0;-0.2;0.436
1243;114220.0;-0.022000000000000002;-0.857
1244;114260.0;-0.252;0.10300000000000001
1245;114300.0;0.11599999999999999;0.2
1246;114340.0;-0.146;0.182
1247;114370.0;-0.215;0.243
1248;114410.0;0.91;-0.726
1249;114450.0;1.39;0.275
1250;114490.0;1.121;0.285
1251;114530.0;0.115;0.146
1252;114570.0;-0.81;0.027999999999999997
1253;114610.0;-0.139;-1.047
1254;114650.0;0.188;0.605
1255;114690.0;0.626;0.028999999999999998
1256;114730.0;0.39399999999999996;-0.627
1257;114760.0;0.589;0.33
1258;114800.0;0.455;-0.33399999999999996
1259;114840.0;-0.715;-0.17300000000000001
1260;114880.0;-1.5130000000000001;0.298
1261;114920.0;-1.031;0.6809999999999999
1262;114960.0;-0.32;-0.09300000000000001
1263;115000.0;0.961;-1.015
1264;115040.0;1.227;-0.10400000000000001
1265;115080.0;0.903;0.047
1266;115120.0;0.091;-0.14400000000000002
1267;115160.0;-0.491;0.578
1268;115200.0;-0.45899999999999996;-0.052000000000000005
1269;115230.0;0.013000000000000001;-0.264
1270;115270.0;0.21899999999999997;0.128
1271;115310.0;0.5720000000000001;0.006
1272;115350.0;0.233;-0.435
1273;115390.0;0.368;-0.552
1274;115430.0;0.209;0.174
1275;115470.0;-0.10099999999999999;0.499
1276;115510.0;-0.401;-0.447
1277;115550.0;-0.114;-0.22
1278;115580.0;0.079;0.139
1279;115620.0;-0.013000000000000001;0.078
1280;115660.0;-0.431;-0.098
1281;115700.0;-0.073;0.125
1282;115740.0;0.5870000000000001;-0.33299999999999996
1283;115780.0;0.57;-0.442
1284;115820.0;-0.461;0.064
1285;115860.0;-0.802;0.255
1286;115900.0;-0.413;0.26899999999999996
1287;115940.0;0.5770000000000001;-0.266
1288;115980.0;1.02;-0.687
1289;116020.0;0.614;0.223
1290;116050.0;-0.431;0.301
1291;116090.0;-0.42100000000000004;-0.43700000000000006
1292;116130.0;0.073;-0.174
1293;116170.0;0.555;0.491
1294;116210.0;0.374;0.18899999999999997
1295;116250.0;0.322;0.149
1296;116290.0;0.248;-0.419
1297;116330.0;0.13699999999999998;-0.114
1298;116370.0;-0.47600000000000003;0.469
1299;116410.0;-0.527;0.478
1300;116440.0;0.052000000000000005;-0.723
1301;116480.0;0.726;-0.41700000000000004
1302;116520.0;0.624;0.023
1303;116560.0;-0.23399999999999999;0.182
1304;116600.0;-0.846;0.092
1305;116640.0;-0.005;-0.435
1306;116680.0;0.723;-0.26899999999999996
1307;116720.0;0.6709999999999999;0.121
1308;116760.0;-0.055999999999999994;-0.001
1309;116800.0;-0.669;0.278
1310;116840.0;-0.251;-0.188
1311;116870.0;0.043;-0.061
1312;116910.0;0.446;0.603
1313;116950.0;0.605;0.324
1314;116990.0;0.38799999999999996;0.319
1315;117030.0;0.39899999999999997;-0.828
1316;117070.0;-0.258;0.14
1317;117110.0;-0.9940000000000001;0.5329999999999999
1318;117150.0;-1.169;0.175
1319;117190.0;-0.37;0.071
1320;117230.0;1.072;-1.02
1321;117260.0;1.4340000000000002;0.036000000000000004
1322;117300.0;0.633;0.196
1323;117340.0;-0.645;-0.226
1324;117380.0;-1.123;0.505
1325;117420.0;-0.45799999999999996;0.397
1326;117460.0;0.10099999999999999;-0.051
1327;117500.0;0.37;-0.604
1328;117540.0;0.43799999999999994;0.166
1329;117580.0;0.588;0.307
1330;117620.0;0.031;0.151
1331;117660.0;-0.415;0.261
1332;117700.0;0.013000000000000001;-0.091
1333;117730.0;0.35100000000000003;0.384
1334;117770.0;0.505;-0.001
1335;117810.0;0.193;-0.043
1336;117850.0;-0.377;-0.124
1337;117890.0;-0.725;0.354
1338;117930.0;-0.757;0.39299999999999996
1339;117970.0;-0.3;-0.168
1340;118010.0;0.5820000000000001;-0.006
1341;118050.0;0.815;-0.643
1342;118080.0;0.21600000000000003;-0.345
1343;118120.0;-0.46799999999999997;0.379
1344;118160.0;-0.84;0.8029999999999999
1345;118200.0;-0.597;0.419
1346;118240.0;-0.016;0.418
1347;118280.0;0.7879999999999999;0.105
1348;118320.0;1.1520000000000001;-0.5920000000000001
1349;118360.0;0.391;0.541
1350;118400.0;-0.321;0.044000000000000004
1351;118440.0;-0.9390000000000001;-0.138
1352;118480.0;-0.445;0.11
1353;118520.0;0.321;-0.76
1354;118550.0;0.7;-0.611
1355;118590.0;0.8270000000000001;0.147
1356;118630.0;0.317;1.035
1357;118670.0;-0.157;0.008
1358;118710.0;-0.022000000000000002;-0.040999999999999995
1359;118750.0;0.02;0.042
1360;118790.0;0.064;0.535
1361;118830.0;-0.061;0.278
1362;118870.0;0.29100000000000004;-0.5429999999999999
1363;118910.0;0.866;-0.252
1364;118940.0;0.7;-0.40700000000000003
1365;118980.0;-0.179;0.018000000000000002
1366;119020.0;-0.608;0.11699999999999999
1367;119060.0;-0.013000000000000001;-0.258
1368;119100.0;0.395;0.212
1369;119140.0;0.465;0.512
1370;119180.0;0.031;-0.691
1371;119220.0;-0.225;-0.46299999999999997
1372;119260.0;0.161;0.8059999999999999
1373;119300.0;0.11800000000000001;0.285
1374;119340.0;-0.39;-0.537
1375;119370.0;-0.938;0.613
1376;119410.0;-0.47600000000000003;0.452
1377;119450.0;-0.325;-0.51
1378;119490.0;0.29;-0.078
1379;119530.0;1.065;-0.612
1380;119570.0;1.181;0.059000000000000004
1381;119610.0;1.117;-0.43200000000000005
1382;119650.0;0.292;0.696
1383;119690.0;-0.109;0.182
1384;119730.0;-0.7659999999999999;-0.391
1385;119760.0;-0.7809999999999999;0.39899999999999997
1386;119800.0;0.263;-0.5479999999999999
1387;119840.0;0.5489999999999999;0.541
1388;119880.0;0.6579999999999999;-0.313
1389;119920.0;0.23199999999999998;-0.563
1390;119960.0;-0.561;0.821
1391;120000.0;-0.435;0.035
1392;120040.0;-0.32799999999999996;0.19399999999999998
1393;120080.0;0.716;-0.32299999999999995
1394;120120.0;1.165;-0.521
1395;120160.0;0.457;0.10300000000000001
1396;120200.0;-0.44299999999999995;0.26
1397;120230.0;-0.95;0.677
1398;120270.0;-0.41100000000000003;-0.031
1399;120310.0;0.596;-0.475
1400;120350.0;0.6659999999999999;-0.308
1401;120390.0;0.11;-0.382
1402;120430.0;-0.616;0.063
1403;120470.0;-0.6659999999999999;0.629
1404;120510.0;-0.495;0.6609999999999999
1405;120550.0;0.039;-0.431
1406;120580.0;0.507;-0.754
1407;120620.0;0.674;0.064
1408;120660.0;0.057999999999999996;0.18
1409;120700.0;-0.6579999999999999;0.079
1410;120740.0;-0.6729999999999999;-0.12300000000000001
1411;120780.0;-0.01;-0.147
1412;120820.0;0.565;-0.733
1413;120860.0;0.34;-0.106
1414;120900.0;0.085;-0.037000000000000005
1415;120940.0;-0.026000000000000002;0.342
1416;120980.0;-0.067;0.958
1417;121020.0;0.16899999999999998;-0.401
1418;121050.0;-0.262;-0.358
1419;121090.0;-0.254;0.122
1420;121130.0;0.003;-0.272
1421;121170.0;-0.297;0.26
1422;121210.0;0.298;-0.8240000000000001
1423;121250.0;-0.335;-0.09
1424;121290.0;-0.409;0.142
1425;121330.0;-0.43700000000000006;-0.428
1426;121370.0;-0.379;0.677
1427;121410.0;0.183;-0.349
1428;121440.0;0.392;0.7070000000000001
1429;121480.0;0.535;-0.076
1430;121520.0;0.895;-0.312
1431;121560.0;0.565;0.2
1432;121600.0;0.201;-0.43700000000000006
1433;121640.0;-0.773;-0.196
1434;121680.0;-0.622;0.225
1435;121720.0;-0.153;0.16399999999999998
1436;121760.0;0.299;-0.034
1437;121800.0;0.87;-0.84
1438;121840.0;0.6659999999999999;0.18100000000000002
1439;121870.0;0.23600000000000002;0.364
1440;121910.0;-0.629;-0.282
1441;121950.0;-1.146;0.424
1442;121990.0;-0.499;-0.055
1443;122030.0;0.009000000000000001;0.275
1444;122070.0;0.637;-0.23600000000000002
1445;122110.0;0.997;-1.0
1446;122150.0;0.677;-0.249
1447;122190.0;0.187;0.15
1448;122230.0;-0.8190000000000001;0.738
1449;122260.0;-1.001;-0.057999999999999996
1450;122300.0;-0.052000000000000005;-0.27
1451;122340.0;0.8;0.22
1452;122380.0;0.841;-0.17
1453;122420.0;0.231;-0.019
1454;122460.0;-0.175;0.204
1455;122500.0;-0.579;0.259
1456;122540.0;-0.763;0.493
1457;122580.0;-0.466;0.011000000000000001
1458;122620.0;0.34;-0.7609999999999999
1459;122660.0;0.48;-0.574
1460;122700.0;0.003;0.278
1461;122730.0;-0.8740000000000001;1.204
1462;122770.0;-1.04;0.385
1463;122810.0;-0.19899999999999998;-0.5429999999999999
1464;122850.0;0.987;-0.435
1465;122890.0;1.0490000000000002;-0.047
1466;122930.0;-0.147;0.642
1467;122970.0;-1.155;0.154
1468;123010.0;-1.262;0.289
1469;123050.0;-0.11699999999999999;0.07200000000000001
1470;123080.0;0.632;-0.469
1471;123120.0;0.48;0.079
1472;123160.0;0.21;0.212
1473;123200.0;-0.188;0.37200000000000005
1474;123240.0;-0.032;-0.102
1475;123280.0;-0.040999999999999995;-0.332
1476;123320.0;-0.022000000000000002;-0.5379999999999999
1477;123360.0;0.13;0.245
1478;123400.0;0.155;0.8390000000000001
1479;123440.0;0.317;-0.348
1480;123480.0;-0.11;0.152
1481;123520.0;-0.40700000000000003;-0.172
1482;123550.0;-0.32899999999999996;0.317
1483;123590.0;0.016;1.178
1484;123630.0;0.268;-0.203
1485;123670.0;0.396;0.036000000000000004
1486;123710.0;0.7879999999999999;0.17
1487;123750.0;0.585;-0.135
1488;123790.0;0.067;-0.142
1489;123830.0;-0.228;0.193
1490;123870.0;-0.183;0.05
1491;123910.0;0.069;0.163
1492;123940.0;0.507;-0.34299999999999997
1493;123980.0;0.32899999999999996;-0.191
1494;124020.0;-0.068;0.366
1495;124060.0;0.14300000000000002;-0.13699999999999998
1496;124100.0;0.317;-0.079
1497;124140.0;0.235;0.363
1498;124180.0;-0.065;0.61
1499;124220.0;-0.645;0.904
1500;124260.0;-0.363;-0.132
1501;124300.0;-0.15;-0.252
1502;124340.0;-0.12;-0.37200000000000005
1503;124370.0;-0.31;-0.642
1504;124410.0;-0.17;0.461
1505;124450.0;0.022000000000000002;-0.629
1506;124490.0;-0.122;-0.706
1507;124530.0;-0.36700000000000005;0.429
1508;124570.0;-0.05;0.736
1509;124610.0;-0.255;1.013
1510;124650.0;0.23199999999999998;0.302
1511;124690.0;0.784;-0.7390000000000001
1512;124730.0;0.775;-0.039
1513;124760.0;0.08900000000000001;0.81
1514;124800.0;-0.6779999999999999;0.365
1515;124840.0;-0.9;-0.654
1516;124880.0;-0.084;-1.0390000000000001
1517;124920.0;0.47200000000000003;-0.325
1518;124960.0;0.44799999999999995;-0.042
1519;125000.0;-0.354;0.355
1520;125040.0;-0.19899999999999998;0.28600000000000003
1521;125080.0;0.303;0.344
1522;125120.0;0.165;0.391
1523;125160.0;-0.439;-0.594
1524;125200.0;-0.985;0.07
1525;125230.0;-0.9359999999999999;0.46799999999999997
1526;125270.0;-0.5489999999999999;0.462
1527;125310.0;-0.35700000000000004;0.245
1528;125350.0;0.111;-0.852
1529;125390.0;0.33899999999999997;-0.16899999999999998
1530;125430.0;0.42200000000000004;-0.087
1531;125470.0;0.005;-0.16699999999999998
1532;125510.0;0.125;-0.373
1533;125550.0;-0.10099999999999999;-0.42
1534;125580.0;0.025;0.782
1535;125620.0;-0.172;0.9229999999999999
1536;125660.0;-0.14400000000000002;-0.426
1537;125700.0;-0.11900000000000001;-0.297
1538;125740.0;-0.084;0.581
1539;125780.0;-0.594;-0.42200000000000004
1540;125820.0;-0.319;0.244
1541;125860.0;-0.09699999999999999;0.10099999999999999
1542;125900.0;-0.18100000000000002;-0.201
1543;125940.0;-0.6990000000000001;0.856
1544;125980.0;-0.589;0.259
1545;126020.0;-0.5529999999999999;0.016
1546;126050.0;0.031;-0.025
1547;126090.0;-0.386;-0.447
1548;126130.0;-0.341;-0.368
1549;126170.0;-0.295;-0.602
1550;126210.0;-0.08800000000000001;-0.18600000000000003
1551;126250.0;-0.299;-0.326
1552;126290.0;-0.021;0.48200000000000004
1553;126330.0;0.19399999999999998;0.031
1554;126370.0;0.688;0.23199999999999998
1555;126410.0;0.29100000000000004;0.040999999999999995
1556;126440.0;-0.003;0.326
1557;126480.0;-0.057;0.368
1558;126520.0;-0.001;-0.218
1559;126560.0;-0.29;-1.028
1560;126600.0;-0.32;0.182
1561;126640.0;-0.237;0.133
1562;126680.0;-0.065;-0.276
1563;126720.0;-0.138;-0.021
1564;126760.0;0.11;-0.5770000000000001
1565;126800.0;-0.17600000000000002;0.2
1566;126840.0;-0.48100000000000004;0.033
1567;126870.0;-0.49700000000000005;-0.457
1568;126910.0;-0.541;0.217
1569;126950.0;-0.099;0.055
1570;126990.0;0.048;-0.22899999999999998
1571;127030.0;0.413;-0.21100000000000002
1572;127070.0;0.585;-0.14
1573;127110.0;-0.20800000000000002;0.563
1574;127150.0;-0.561;-0.738
1575;127190.0;-0.618;-0.008
1576;127230.0;0.244;0.455
1577;127260.0;0.688;-0.40299999999999997
1578;127300.0;0.43799999999999994;0.245
1579;127340.0;0.29100000000000004;-0.046
1580;127380.0;0.154;0.605
1581;127420.0;-0.266;0.151
1582;127460.0;0.016;-0.833
1583;127500.0;0.049;-0.299
1584;127540.0;0.174;0.19899999999999998
1585;127580.0;-0.494;-0.013999999999999999
1586;127620.0;-0.56;-0.6970000000000001
1587;127660.0;-0.185;-0.97
1588;127700.0;-0.057;0.44299999999999995
1589;127730.0;-0.35700000000000004;0.44799999999999995
1590;127770.0;-0.519;0.773
1591;127810.0;-0.055;-0.43700000000000006
1592;127850.0;0.35700000000000004;-0.638
1593;127890.0;0.036000000000000004;0.324
1594;127930.0;-0.7390000000000001;0.324
1595;127970.0;-1.056;0.369
1596;128010.0;0.20800000000000002;-1.569
1597;128050.0;1.041;-0.177
1598;128080.0;1.189;-0.105
1599;128120.0;0.29;-0.243
1600;128160.0;-0.7959999999999999;1.416
1601;128200.0;-0.43200000000000005;-0.292
1602;128240.0;-0.273;0.264
1603;128280.0;0.12300000000000001;-0.39899999999999997
1604;128320.0;0.28300000000000003;-0.8009999999999999
1605;128360.0;-0.009000000000000001;0.249
1606;128400.0;-0.46;-0.826
1607;128440.0;-1.003;0.282
1608;128480.0;-0.966;0.855
1609;128520.0;-0.42100000000000004;0.0
1610;128550.0;0.47100000000000003;-0.435
1611;128590.0;1.1;-0.015
1612;128630.0;0.551;0.408
1613;128670.0;-0.106;0.257
1614;128710.0;-0.428;0.22
1615;128750.0;-0.16899999999999998;-0.62
1616;128790.0;0.35;-0.633
1617;128830.0;0.33899999999999997;0.491
1618;128870.0;0.3;-0.653
1619;128910.0;0.013000000000000001;-0.465
1620;128940.0;-0.313;0.9259999999999999
1621;128980.0;-0.251;0.33399999999999996
1622;129020.0;-0.172;-0.07200000000000001
1623;129060.0;0.23800000000000002;-0.053
1624;129100.0;0.544;-0.11
1625;129140.0;0.17300000000000001;0.392
1626;129180.0;-0.365;0.34299999999999997
1627;129220.0;-0.535;-0.41700000000000004
1628;129260.0;-0.505;0.071
1629;129300.0;-0.14800000000000002;0.193
1630;129340.0;0.256;-0.701
1631;129370.0;0.664;-0.35700000000000004
1632;129410.0;0.456;-0.545
1633;129450.0;-0.36700000000000005;-0.303
1634;129490.0;-0.42200000000000004;0.905
1635;129530.0;0.142;0.9570000000000001
1636;129570.0;0.53;-0.054000000000000006
1637;129610.0;0.344;-0.015
1638;129650.0;0.27899999999999997;-0.289
1639;129690.0;0.019;-0.294
1640;129730.0;-0.294;0.193
1641;129760.0;-0.309;-0.81
1642;129800.0;0.044000000000000004;-0.579
1643;129840.0;0.252;0.122
1644;129880.0;0.14300000000000002;0.838
1645;129920.0;-0.408;0.74
1646;129960.0;-0.326;-0.032
1647;130000.0;0.048;-0.222
1648;130040.0;0.179;0.039
1649;130080.0;-0.188;-0.263
1650;130120.0;-0.32899999999999996;-0.107
1651;130160.0;0.188;-0.39799999999999996
1652;130200.0;0.506;-0.226
1653;130230.0;0.517;0.469
1654;130270.0;0.26;0.423
1655;130310.0;0.065;-0.474
1656;130350.0;0.102;-0.39299999999999996
1657;130390.0;0.096;0.23199999999999998
1658;130430.0;0.39299999999999996;-0.75
1659;130470.0;1.0490000000000002;-0.401
1660;130510.0;1.3090000000000002;0.305
1661;130550.0;0.782;0.222
1662;130580.0;-0.519;0.375
1663;130620.0;-1.101;0.865
1664;130660.0;-0.764;-0.156
1665;130700.0;-0.034;-0.264
1666;130740.0;0.475;-0.149
1667;130780.0;0.684;-0.6559999999999999
1668;130820.0;0.475;-0.24
1669;130860.0;0.011000000000000001;0.6729999999999999
1670;130900.0;-0.711;0.313
1671;130940.0;-0.888;-0.381
1672;130980.0;-0.426;0.146
1673;131020.0;0.08199999999999999;0.51
1674;131050.0;0.449;-0.20800000000000002
1675;131090.0;0.775;-0.604
1676;131130.0;0.659;-0.132
1677;131170.0;0.182;0.35100000000000003
1678;131210.0;-0.47100000000000003;0.258
1679;131250.0;-0.023;-0.11199999999999999
1680;131290.0;0.514;-0.20800000000000002
1681;131330.0;0.528;-0.195
1682;131370.0;0.20600000000000002;-0.284
1683;131410.0;-0.332;0.61
1684;131440.0;-0.039;-0.132
1685;131480.0;-0.095;-0.389
1686;131520.0;0.035;-0.035
1687;131560.0;-0.213;0.254
1688;131600.0;-0.442;0.37799999999999995
1689;131640.0;-0.26;-0.514
1690;131680.0;-0.19;0.408
1691;131720.0;-0.145;0.040999999999999995
1692;131760.0;-0.371;0.39399999999999996
1693;131800.0;0.13;-0.22899999999999998
1694;131840.0;0.69;-0.628
1695;131870.0;0.502;0.862
1696;131910.0;0.08800000000000001;-0.067
1697;131950.0;-0.179;-0.6459999999999999
1698;131990.0;-0.183;-0.16699999999999998
1699;132030.0;0.204;0.49200000000000005
1700;132070.0;-0.152;0.542
1701;132110.0;-0.18;-0.214
1702;132150.0;0.248;-0.511
1703;132190.0;0.496;0.243
1704;132230.0;0.35;-0.015
1705;132260.0;-0.19;-0.175
1706;132300.0;-0.09;-0.192
1707;132340.0;0.185;0.248
1708;132380.0;0.19699999999999998;0.005
1709;132420.0;-0.196;0.043
1710;132460.0;-0.125;-0.289
1711;132500.0;-0.027999999999999997;-0.017
1712;132540.0;-0.077;0.872
1713;132580.0;-0.35700000000000004;-0.36200000000000004
1714;132620.0;-0.531;-0.222
1715;132660.0;-0.154;-0.439
1716;132700.0;-0.161;0.27399999999999997
1717;132730.0;-0.16;0.529
1718;132770.0;0.158;-0.478
1719;132810.0;0.518;-0.17600000000000002
1720;132850.0;0.38799999999999996;0.047
1721;132890.0;-0.031;-0.165
1722;132930.0;-0.187;-0.42700000000000005
1723;132970.0;0.12300000000000001;-0.5529999999999999
1724;133010.0;0.43200000000000005;-0.191
1725;133050.0;0.45;0.5529999999999999
1726;133080.0;0.769;0.055999999999999994
1727;133120.0;0.804;0.06
1728;133160.0;0.846;-0.163
1729;133200.0;0.1;-0.013000000000000001
1730;133240.0;-0.684;0.623
1731;133280.0;-0.6990000000000001;-0.799
1732;133320.0;0.009000000000000001;-0.008
1733;133360.0;0.259;-0.046
1734;133400.0;-0.32799999999999996;-0.147
1735;133440.0;-0.866;-0.064
1736;133480.0;-0.314;-0.292
1737;133520.0;-0.196;0.37200000000000005
1738;133550.0;0.264;0.083
1739;133590.0;0.489;-0.37799999999999995
1740;133630.0;0.59;-0.096
1741;133670.0;0.6509999999999999;-0.223
1742;133710.0;0.16699999999999998;0.653
1743;133750.0;-0.085;-0.33799999999999997
1744;133790.0;0.133;-0.18
1745;133830.0;0.732;0.285
1746;133870.0;0.868;-0.325
1747;133910.0;0.235;-0.053
1748;133940.0;0.099;-0.265
1749;133980.0;-0.16699999999999998;0.23600000000000002
1750;134020.0;0.013999999999999999;0.285
1751;134060.0;-0.289;0.301
1752;134100.0;0.087;0.496
1753;134140.0;0.268;-0.451
1754;134180.0;0.031;0.155
1755;134220.0;-0.423;-0.445
1756;134260.0;-0.632;-0.084
1757;134300.0;-0.28300000000000003;0.042
1758;134340.0;0.125;0.184
1759;134370.0;-0.006;0.221
1760;134410.0;-0.037000000000000005;-0.33799999999999997
1761;134450.0;0.094;0.035
1762;134490.0;0.22899999999999998;0.474
1763;134530.0;0.759;0.5710000000000001
1764;134570.0;1.024;-0.46399999999999997
1765;134610.0;0.782;-0.667
1766;134650.0;0.132;-0.268
1767;134690.0;-0.24;0.067
1768;134730.0;-0.019;0.105
1769;134760.0;0.7190000000000001;0.475
1770;134800.0;1.003;0.0
1771;134840.0;0.524;0.204
1772;134880.0;-0.521;0.315
1773;134920.0;-0.752;-0.098
1774;134960.0;-0.401;0.133
1775;135000.0;0.494;0.038
1776;135040.0;0.7170000000000001;-0.294
1777;135080.0;0.185;-0.174
1778;135120.0;-0.457;-0.162
1779;135160.0;-0.929;0.299
1780;135200.0;-1.032;0.49700000000000005
1781;135230.0;-0.19399999999999998;0.113
1782;135270.0;0.78;-0.455
1783;135310.0;1.247;-0.218
1784;135350.0;0.972;0.35600000000000004
1785;135390.0;-0.145;0.9079999999999999
1786;135430.0;-0.6579999999999999;-0.027999999999999997
1787;135470.0;-0.262;-0.755
1788;135510.0;0.299;0.062
1789;135550.0;0.16899999999999998;0.413
1790;135580.0;-0.402;0.048
1791;135620.0;-0.22399999999999998;-0.743
1792;135660.0;0.22899999999999998;-0.331
1793;135700.0;0.41700000000000004;-0.126
1794;135740.0;0.337;0.65
1795;135780.0;0.22399999999999998;0.632
1796;135820.0;0.418;-0.31
1797;135860.0;0.152;0.331
1798;135900.0;-0.5529999999999999;0.7759999999999999
1799;135940.0;-1.004;-0.294
1800;135980.0;-0.7170000000000001;-0.364
1801;136020.0;0.792;-0.397
1802;136050.0;1.088;0.106
1803;136090.0;0.831;-0.375
1804;136130.0;0.228;-0.332
1805;136170.0;-0.465;0.8390000000000001
1806;136210.0;-1.0170000000000001;0.46
1807;136250.0;-1.319;0.598
1808;136290.0;-0.47;-0.489
1809;136330.0;0.613;-0.7490000000000001
1810;136370.0;0.7979999999999999;0.7090000000000001
1811;136410.0;1.048;-0.381
1812;136440.0;0.376;0.376
1813;136480.0;0.413;-0.377
1814;136520.0;-0.5710000000000001;-0.5920000000000001
1815;136560.0;-0.9670000000000001;0.547
1816;136600.0;-0.36700000000000005;0.08800000000000001
1817;136640.0;0.162;1.1340000000000001
1818;136680.0;0.665;-0.57
1819;136720.0;0.18899999999999997;0.265
1820;136760.0;-0.19;-0.03
1821;136800.0;-0.22399999999999998;-0.637
1822;136840.0;-0.47100000000000003;0.195
1823;136870.0;-0.512;-0.382
1824;136910.0;-0.825;0.49
1825;136950.0;-0.293;0.228
1826;136990.0;0.18100000000000002;0.069
1827;137030.0;0.264;0.027999999999999997
1828;137070.0;0.301;-0.591
1829;137110.0;0.44299999999999995;0.5710000000000001
1830;137150.0;0.551;0.541
1831;137190.0;0.17600000000000002;-0.344
1832;137230.0;-0.401;-0.11900000000000001
1833;137260.0;-0.42200000000000004;-0.043
1834;137300.0;-0.4;0.763
1835;137340.0;0.06;0.142
1836;137380.0;0.203;-0.596
1837;137420.0;0.17300000000000001;0.08199999999999999
1838;137460.0;-0.13699999999999998;-0.015
1839;137500.0;-0.721;0.555
1840;137540.0;-0.47100000000000003;0.326
1841;137580.0;-0.062;-0.39299999999999996
1842;137620.0;0.46399999999999997;0.09
1843;137660.0;0.774;-0.262
1844;137700.0;-0.006999999999999999;0.823
1845;137730.0;-0.522;-0.42
1846;137770.0;-0.6809999999999999;-0.49200000000000005
1847;137810.0;-0.242;0.23399999999999999
1848;137850.0;0.368;-0.727
1849;137890.0;0.659;0.161
1850;137930.0;0.748;-0.154
1851;137970.0;0.401;-0.402
1852;138010.0;-0.012;0.45899999999999996
1853;138050.0;-0.292;1.325
1854;138080.0;-0.523;0.157
1855;138120.0;0.11199999999999999;-0.857
1856;138160.0;0.765;0.45399999999999996
1857;138200.0;0.5479999999999999;0.319
1858;138240.0;-0.024;-0.59
1859;138280.0;-0.133;-0.5670000000000001
1860;138320.0;0.079;-0.11900000000000001
1861;138360.0;0.09699999999999999;0.297
1862;138400.0;-0.312;0.271
1863;138440.0;-0.209;-0.294
1864;138480.0;0.11900000000000001;-0.084
1865;138520.0;-0.11599999999999999;1.018
1866;138550.0;-0.919;0.008
1867;138590.0;-0.8;-0.42700000000000005
1868;138630.0;0.262;-0.02
1869;138670.0;1.031;-0.002
1870;138710.0;0.8059999999999999;-0.47200000000000003
1871;138750.0;0.46799999999999997;-0.34700000000000003
1872;138790.0;0.142;0.085
1873;138830.0;-0.511;0.8270000000000001
1874;138870.0;-1.0070000000000001;0.073
1875;138910.0;-0.615;-0.35200000000000004
1876;138940.0;0.32299999999999995;0.237
1877;138980.0;0.637;0.25
1878;139020.0;0.297;-0.233
1879;139060.0;-0.5770000000000001;0.289
1880;139100.0;-0.833;0.39899999999999997
1881;139140.0;-0.748;-0.679
1882;139180.0;-0.418;-0.604
1883;139220.0;0.6409999999999999;-0.42700000000000005
1884;139260.0;0.868;0.369
1885;139300.0;0.496;0.879
1886;139340.0;-0.12300000000000001;0.054000000000000006
1887;139370.0;-0.75;0.158
1888;139410.0;-0.335;-0.002
1889;139450.0;0.099;-0.405
1890;139490.0;0.134;-0.387
1891;139530.0;0.256;0.12300000000000001
1892;139570.0;0.24;0.508
1893;139610.0;0.18600000000000003;-0.077
1894;139650.0;0.07;-0.198
1895;139690.0;-0.032;0.34299999999999997
1896;139730.0;-0.23600000000000002;-0.115
1897;139760.0;-0.446;-0.21600000000000003
1898;139800.0;-0.47100000000000003;-0.257
1899;139840.0;-0.324;0.401
1900;139880.0;-0.07200000000000001;0.32299999999999995
1901;139920.0;-0.043;-0.22699999999999998
1902;139960.0;0.285;-0.396
1903;140000.0;0.287;-0.16
1904;140040.0;-0.005;0.221
1905;140080.0;-0.47700000000000004;-0.439
1906;140120.0;-0.41;-0.35200000000000004
1907;140160.0;-0.222;0.637
1908;140200.0;-0.381;0.863
1909;140230.0;-0.44;0.115
1910;140270.0;0.332;-0.027000000000000003
1911;140310.0;0.7759999999999999;-0.08800000000000001
1912;140350.0;0.309;-0.503
1913;140390.0;-1.012;0.507
1914;140430.0;-1.189;0.147
1915;140470.0;-0.3;-0.816
1916;140510.0;0.562;0.139
1917;140550.0;0.509;0.040999999999999995
1918;140580.0;0.22;-0.087
1919;140620.0;-0.217;0.314
1920;140660.0;-0.537;0.44
1921;140700.0;-1.1540000000000001;0.405
1922;140740.0;-1.139;0.318
1923;140780.0;-0.408;-0.29600000000000004
1924;140820.0;0.25;0.374
1925;140860.0;0.684;-0.696
1926;140900.0;0.11900000000000001;-0.515
1927;140940.0;-0.52;0.7170000000000001
1928;140980.0;-0.586;0.17600000000000002
1929;141020.0;-0.113;-0.09
1930;141050.0;0.8390000000000001;-1.127
1931;141090.0;0.848;0.44
1932;141130.0;-0.111;1.591
1933;141170.0;-0.941;0.12300000000000001
1934;141210.0;-0.775;-0.349
1935;141250.0;0.013999999999999999;-0.092
1936;141290.0;-0.36;0.40399999999999997
1937;141330.0;-0.336;-0.3
1938;141370.0;0.308;-0.5920000000000001
1939;141410.0;1.119;-0.292
1940;141440.0;0.519;0.15
1941;141480.0;-1.1340000000000001;0.753
1942;141520.0;-1.7630000000000001;0.18
1943;141560.0;-0.703;0.18100000000000002
1944;141600.0;0.8440000000000001;-0.20600000000000002
1945;141640.0;1.348;-0.408
1946;141680.0;0.41600000000000004;0.235
1947;141720.0;-0.46299999999999997;0.11800000000000001
1948;141760.0;-0.9670000000000001;0.10800000000000001
1949;141800.0;-0.885;0.43
1950;141840.0;-0.341;-0.066
1951;141870.0;0.276;-0.595
1952;141910.0;0.892;-0.259
1953;141950.0;0.833;0.322
1954;141990.0;-0.07400000000000001;0.055999999999999994
1955;142030.0;-1.047;0.34
1956;142070.0;-1.1340000000000001;0.517
1957;142110.0;-0.126;-0.22
1958;142150.0;0.807;0.381
1959;142190.0;1.024;-0.10300000000000001
1960;142230.0;0.19699999999999998;-0.466
1961;142260.0;-0.7390000000000001;0.126
1962;142300.0;-1.014;0.095
1963;142340.0;-1.17;0.304
1964;142380.0;-0.414;-0.348
1965;142420.0;0.373;-0.38
1966;142460.0;1.03;-0.395
1967;142500.0;0.47200000000000003;-0.311
1968;142540.0;-0.45899999999999996;0.2
1969;142580.0;-1.6;0.184
1970;142620.0;-1.069;0.348
1971;142660.0;-0.11199999999999999;0.205
1972;142700.0;0.965;0.518
1973;142730.0;0.6809999999999999;-1.095
1974;142770.0;-0.149;0.613
1975;142810.0;-0.765;-0.14800000000000002
1976;142850.0;-0.24100000000000002;-0.299
1977;142890.0;0.53;-0.778
1978;142930.0;1.2409999999999999;-0.165
1979;142970.0;0.513;0.88
1980;143010.0;-0.423;0.127
1981;143050.0;-1.248;0.259
1982;143080.0;-0.93;0.315
1983;143120.0;-0.525;-0.39899999999999997
1984;143160.0;0.096;-0.023
1985;143200.0;1.012;-0.43200000000000005
1986;143240.0;1.159;0.081
1987;143280.0;0.26899999999999996;-0.281
1988;143320.0;-0.95;0.578
1989;143360.0;-1.131;0.083
1990;143400.0;-0.966;0.358
1991;143440.0;-0.741;0.797
1992;143480.0;-0.313;-0.496
1993;143520.0;0.29600000000000004;-0.56
1994;143550.0;0.284;-0.445
1995;143590.0;-0.008;0.59
1996;143630.0;-0.9009999999999999;0.594
1997;143670.0;-1.021;-0.126
1998;143710.0;0.12;-0.5529999999999999
1999;143750.0;1.15;-0.5760000000000001
2000;143790.0;1.078;-0.133
2001;143830.0;0.306;0.27899999999999997
2002;143870.0;-0.332;0.006
2003;143910.0;-0.3;0.063
2004;143940.0;-0.187;0.12300000000000001
2005;143980.0;-0.21100000000000002;-0.33399999999999996
2006;144020.0;-0.03;-0.579
2007;144060.0;0.515;-0.557
2008;144100.0;0.39899999999999997;0.03
2009;144140.0;-0.151;0.5720000000000001
2010;144180.0;-1.055;0.65
2011;144220.0;-0.9440000000000001;-0.034
2012;144260.0;-0.267;-0.31
2013;144300.0;0.325;-0.06
2014;144340.0;0.15;-0.13699999999999998
2015;144370.0;0.184;-0.21
2016;144410.0;0.5479999999999999;-0.256
2017;144450.0;0.659;0.615
2018;144490.0;0.182;-0.165
2019;144530.0;-0.115;-0.525
2020;144570.0;-0.276;-0.648
2021;144610.0;0.10800000000000001;-0.53
2022;144650.0;-0.115;0.292
2023;144690.0;-0.289;0.163
2024;144730.0;-0.13699999999999998;-0.256
2025;144760.0;0.43200000000000005;-0.08199999999999999
2026;144800.0;0.506;0.10300000000000001
2027;144840.0;-0.064;0.062
2028;144880.0;-0.58;0.013000000000000001
2029;144920.0;-0.08;0.046
2030;144960.0;0.094;-0.217
2031;145000.0;0.33899999999999997;-0.348
2032;145040.0;-0.098;-0.063
2033;145080.0;-0.223;-0.29100000000000004
2034;145120.0;-0.114;-0.888
2035;145160.0;-0.309;0.6859999999999999
2036;145200.0;-0.29100000000000004;-0.317
2037;145230.0;-0.513;-0.203
2038;145270.0;-0.092;-0.187
2039;145310.0;0.23600000000000002;0.026000000000000002
2040;145350.0;-0.09300000000000001;0.626
2041;145390.0;-0.266;-0.163
2042;145430.0;-0.17300000000000001;0.08900000000000001
2043;145470.0;0.196;-0.019
2044;145510.0;0.504;-0.20800000000000002
2045;145550.0;0.483;-0.024
2046;145580.0;0.664;-0.99
2047;145620.0;0.5529999999999999;-0.275
2048;145660.0;0.021;0.504
2049;145700.0;-0.56;-0.306
2050;145740.0;-0.488;0.341
2051;145780.0;0.053;0.107
2052;145820.0;0.40399999999999997;-0.5760000000000001
2053;145860.0;0.35;-0.019
2054;145900.0;0.179;0.08
2055;145940.0;-0.484;-0.066
2056;145980.0;-0.354;-0.048
2057;146020.0;-0.306;-0.006999999999999999
2058;146050.0;-0.384;-0.05
2059;146090.0;0.121;-0.6709999999999999
2060;146130.0;0.149;0.085
2061;146170.0;0.457;0.091
2062;146210.0;0.603;0.287
2063;146250.0;0.071;0.369
2064;146290.0;-0.33299999999999996;-0.635
2065;146330.0;-0.628;0.505
2066;146370.0;-0.095;-0.054000000000000006
2067;146410.0;0.742;-0.521
2068;146440.0;1.016;0.38799999999999996
2069;146480.0;0.75;-0.43
2070;146520.0;-0.263;-0.184
2071;146560.0;-0.436;0.431
2072;146600.0;-0.187;0.381
2073;146640.0;0.087;0.405
2074;146680.0;0.552;-0.267
2075;146720.0;0.7879999999999999;-0.081
2076;146760.0;0.5379999999999999;0.11
2077;146800.0;-0.456;0.46399999999999997
2078;146840.0;-0.976;0.025
2079;146870.0;-0.46799999999999997;-0.019
2080;146910.0;0.15;0.537
2081;146950.0;0.882;-0.28600000000000003
2082;146990.0;0.725;-0.303
2083;147030.0;0.267;-0.397
2084;147070.0;-0.23199999999999998;-0.32799999999999996
2085;147110.0;-0.40700000000000003;1.05
2086;147150.0;0.177;0.297
2087;147190.0;0.363;-0.215
2088;147230.0;0.5670000000000001;-0.008
2089;147260.0;0.284;0.282
2090;147300.0;0.193;-0.19399999999999998
2091;147340.0;0.268;-0.265
2092;147380.0;0.142;0.131
2093;147420.0;0.375;-0.5820000000000001
2094;147460.0;0.359;-0.122
2095;147500.0;0.262;-0.015
2096;147540.0;-0.183;-0.10800000000000001
2097;147580.0;-1.222;1.31
2098;147620.0;-1.1440000000000001;-0.049
2099;147660.0;-0.34700000000000003;-0.41
2100;147700.0;0.86;-0.326
2101;147730.0;1.12;-0.546
2102;147770.0;0.758;0.055999999999999994
2103;147810.0;0.086;-0.071
2104;147850.0;-0.35;0.185
2105;147890.0;-0.7559999999999999;-0.49200000000000005
2106;147930.0;-0.507;0.515
2107;147970.0;0.226;0.795
2108;148010.0;1.2930000000000001;-0.466
2109;148050.0;1.157;-0.782
2110;148080.0;0.7090000000000001;-0.303
2111;148120.0;-0.45299999999999996;0.48100000000000004
2112;148160.0;-1.045;0.8959999999999999
2113;148200.0;-0.601;0.377
2114;148240.0;0.266;-0.166
2115;148280.0;0.91;-0.8079999999999999
2116;148320.0;0.583;-0.313
2117;148360.0;-0.18100000000000002;0.026000000000000002
2118;148400.0;-0.633;0.248
2119;148440.0;-0.835;0.33399999999999996
2120;148480.0;-0.235;-0.23199999999999998
2121;148520.0;0.138;0.025
2122;148550.0;0.645;0.061
2123;148590.0;0.6609999999999999;-0.557
2124;148630.0;0.255;0.395
2125;148670.0;0.065;-0.306
2126;148710.0;-0.17300000000000001;0.259
2127;148750.0;0.223;0.414
2128;148790.0;0.614;0.13
2129;148830.0;0.696;-0.18
2130;148870.0;0.608;-0.953
2131;148910.0;-0.257;0.501
2132;148940.0;-0.7390000000000001;0.40700000000000003
2133;148980.0;-0.774;0.687
2134;149020.0;-0.054000000000000006;-0.221
2135;149060.0;0.78;-0.614
2136;149100.0;0.7659999999999999;0.6809999999999999
2137;149140.0;0.18100000000000002;0.187
2138;149180.0;-0.44;-0.0
2139;149220.0;-0.895;-0.735
2140;149260.0;-0.273;-0.547
2141;149300.0;-0.47200000000000003;0.725
2142;149340.0;-0.08800000000000001;-0.021
2143;149370.0;0.222;-0.502
2144;149410.0;0.5329999999999999;0.535
2145;149450.0;0.177;-0.353
2146;149490.0;-0.754;0.602
2147;149530.0;-0.715;0.484
2148;149570.0;0.371;-0.22
2149;149610.0;1.092;-0.11
2150;149650.0;1.341;-0.435
2151;149690.0;0.34600000000000003;-0.127
2152;149730.0;-0.019;-0.034
2153;149760.0;-0.002;-0.102
2154;149800.0;-0.134;0.359
2155;149840.0;-0.084;-0.36200000000000004
2156;149880.0;0.024;-0.25
2157;149920.0;0.156;-0.503
2158;149960.0;0.667;-0.42100000000000004
2159;150000.0;0.516;-0.087
2160;150040.0;-0.068;0.83
2161;150080.0;-0.235;-0.039
2162;150120.0;-0.44799999999999995;0.259
2163;150160.0;-0.061;0.43799999999999994
2164;150200.0;0.032;-0.025
2165;150230.0;-0.16699999999999998;0.47700000000000004
2166;150270.0;0.233;-1.05
2167;150310.0;0.248;-0.02
2168;150350.0;0.175;0.01
2169;150390.0;-0.129;0.165
2170;150430.0;-0.488;0.373
2171;150470.0;0.064;-0.93
2172;150510.0;-0.09;0.44
2173;150550.0;0.32799999999999996;-0.11800000000000001
2174;150580.0;0.135;-0.07200000000000001
2175;150620.0;-0.231;0.8140000000000001
2176;150660.0;0.213;-0.884
2177;150700.0;-0.07;0.609
2178;150740.0;-0.068;-0.145
2179;150780.0;0.262;-0.32799999999999996
2180;150820.0;-0.17800000000000002;0.889
2181;150860.0;0.295;-0.846
2182;150900.0;0.035;0.109
2183;150940.0;-0.07400000000000001;0.456
2184;150980.0;-0.21899999999999997;-0.6890000000000001
2185;151020.0;-0.508;0.003
2186;151050.0;-0.24100000000000002;-0.855
2187;151090.0;-0.38;0.924
2188;151130.0;-0.569;0.601
2189;151170.0;-0.188;-0.63
2190;151210.0;0.384;-0.191
2191;151250.0;0.628;0.203
2192;151290.0;0.141;-0.065
2193;151330.0;-0.466;-0.045
2194;151370.0;-0.042;-0.726
2195;151410.0;0.14300000000000002;-0.292
2196;151440.0;0.284;0.456
2197;151480.0;0.344;-0.17800000000000002
2198;151520.0;0.7140000000000001;-0.015
2199;151560.0;0.596;-0.239
2200;151600.0;0.324;-0.449
2201;151640.0;-0.9520000000000001;0.005
2202;151680.0;-1.244;0.7040000000000001
2203;151720.0;-1.0590000000000002;0.636
2204;151760.0;-0.22;0.214
2205;151800.0;0.6920000000000001;-0.718
2206;151840.0;0.677;0.447
2207;151870.0;0.147;-0.32
2208;151910.0;-0.397;-0.11
2209;151950.0;-0.563;0.52
2210;151990.0;0.278;-0.48200000000000004
2211;152030.0;0.59;0.156
2212;152070.0;0.945;-0.92
2213;152110.0;0.512;-0.345
2214;152150.0;-0.213;1.064
2215;152190.0;-0.8220000000000001;0.36700000000000005
2216;152230.0;-0.20199999999999999;0.083
2217;152260.0;0.775;-0.075
2218;152300.0;1.382;0.085
2219;152340.0;0.716;-0.013999999999999999
2220;152380.0;-0.322;0.519
2221;152420.0;-0.733;-0.193
2222;152460.0;-0.607;-0.248
2223;152500.0;0.225;-0.11900000000000001
2224;152540.0;0.804;-0.012
2225;152580.0;0.748;0.319
2226;152620.0;0.868;-0.828
2227;152660.0;0.32;-0.426
2228;152700.0;-0.217;0.652
2229;152730.0;-0.282;0.696
2230;152770.0;0.048;0.515
2231;152810.0;0.792;-0.491
2232;152850.0;1.253;-0.544
2233;152890.0;0.752;0.059000000000000004
2234;152930.0;-0.45899999999999996;-0.19
2235;152970.0;-1.207;0.205
2236;153010.0;-0.5;0.63
2237;153050.0;0.682;-0.311
2238;153080.0;0.892;-0.46
2239;153120.0;0.457;0.414
2240;153160.0;-0.52;0.395
2241;153200.0;-0.845;0.23399999999999999
2242;153240.0;-0.36200000000000004;-0.048
2243;153280.0;0.171;0.085
2244;153320.0;0.626;-0.17800000000000002
2245;153360.0;0.20800000000000002;0.607
2246;153400.0;0.198;0.083
2247;153440.0;0.24;-0.637
2248;153480.0;-0.544;0.991
2249;153520.0;-0.6779999999999999;-0.358
2250;153550.0;-0.598;-0.047
2251;153590.0;0.016;0.532
2252;153630.0;0.609;-0.555
2253;153670.0;0.23800000000000002;-0.4
2254;153710.0;-0.08900000000000001;-0.325
2255;153750.0;-0.139;-0.05
2256;153790.0;-0.003;0.395
2257;153830.0;0.237;0.066
2258;153870.0;-0.078;0.41700000000000004
2259;153910.0;-0.16699999999999998;0.271
2260;153940.0;-0.365;0.066
2261;153980.0;0.05;0.09300000000000001
2262;154020.0;0.72;-0.609
2263;154060.0;0.69;0.254
2264;154100.0;0.151;0.251
2265;154140.0;-0.33;0.354
2266;154180.0;-0.41100000000000003;-0.552
2267;154220.0;0.159;-0.7170000000000001
2268;154260.0;0.551;-0.001
2269;154300.0;0.504;0.153
2270;154340.0;0.5720000000000001;0.231
2271;154370.0;0.33399999999999996;0.18100000000000002
2272;154410.0;-0.32799999999999996;0.059000000000000004
2273;154450.0;-0.6629999999999999;0.86
2274;154490.0;-1.01;0.6459999999999999
2275;154530.0;-0.21;-0.32299999999999995
2276;154570.0;0.514;-0.192
2277;154610.0;0.45899999999999996;-0.397
2278;154650.0;0.21899999999999997;-1.021
2279;154690.0;-0.36200000000000004;0.539
2280;154730.0;-0.18600000000000003;-0.11900000000000001
2281;154760.0;-0.39899999999999997;0.106
2282;154800.0;-0.11199999999999999;0.198
2283;154840.0;0.16;-0.261
2284;154880.0;0.36700000000000005;0.735
2285;154920.0;0.625;-0.295
2286;154960.0;0.341;0.061
2287;155000.0;0.040999999999999995;-0.444
2288;155040.0;-0.484;0.7170000000000001
2289;155080.0;-0.8640000000000001;0.35700000000000004
2290;155120.0;-0.536;-0.54
2291;155160.0;0.255;0.42200000000000004
2292;155200.0;0.932;-0.904
2293;155230.0;0.39799999999999996;-0.035
2294;155270.0;-0.467;0.667
2295;155310.0;-1.047;-0.462
2296;155350.0;-1.286;0.195
2297;155390.0;-0.258;0.002
2298;155430.0;0.512;-0.45899999999999996
2299;155470.0;0.48200000000000004;0.225
2300;155510.0;0.292;0.441
2301;155550.0;-0.252;0.423
2302;155580.0;-0.628;0.157
2303;155620.0;-0.49;-0.23399999999999999
2304;155660.0;-0.136;-0.191
2305;155700.0;0.599;-0.142
2306;155740.0;1.21;-0.209
2307;155780.0;1.044;-0.115
2308;155820.0;0.163;-0.34600000000000003
2309;155860.0;-0.941;-0.055999999999999994
2310;155900.0;-1.719;0.21600000000000003
2311;155940.0;-0.848;-0.193
2312;155980.0;0.637;-0.27899999999999997
2313;156020.0;1.8869999999999998;0.31
2314;156050.0;2.01;-0.047
2315;156090.0;0.9009999999999999;0.342
2316;156130.0;-0.053;-0.185
2317;156170.0;-1.05;-0.094
2318;156210.0;-1.411;0.573
2319;156250.0;-0.8740000000000001;0.19899999999999998
2320;156290.0;0.271;-0.244
2321;156330.0;1.082;-0.836
2322;156370.0;0.777;-0.28800000000000003
2323;156410.0;-0.303;-0.155
2324;156440.0;-0.7120000000000001;0.073
2325;156480.0;-1.088;0.46399999999999997
2326;156520.0;-0.639;-0.025
2327;156560.0;-0.39899999999999997;-0.20600000000000002
2328;156600.0;0.096;0.149
2329;156640.0;0.149;-0.081
2330;156680.0;-0.155;0.507
2331;156720.0;-0.525;-0.249
2332;156760.0;-0.177;-0.039
2333;156800.0;0.496;0.20800000000000002
2334;156840.0;0.7040000000000001;0.262
2335;156870.0;0.556;-0.321
2336;156910.0;0.419;-0.397
2337;156950.0;-0.011000000000000001;-0.369
2338;156990.0;-0.057999999999999996;-0.409
2339;157030.0;-0.7390000000000001;0.797
2340;157070.0;-0.331;0.22899999999999998
2341;157110.0;-0.036000000000000004;-0.05
2342;157150.0;0.263;0.13699999999999998
2343;157190.0;0.155;-0.983
2344;157230.0;-0.382;0.7809999999999999
2345;157260.0;-0.43799999999999994;-0.142
2346;157300.0;-0.292;0.147
2347;157340.0;-0.267;0.9309999999999999
2348;157380.0;0.326;-0.525
2349;157420.0;0.049;0.062
2350;157460.0;0.078;-0.541
2351;157500.0;-0.261;-1.047
2352;157540.0;-0.21100000000000002;0.41100000000000003
2353;157580.0;-0.033;0.191
2354;157620.0;0.46399999999999997;-0.44799999999999995
2355;157660.0;0.784;-0.304
2356;157700.0;0.353;0.7879999999999999
2357;157730.0;-0.691;0.667
2358;157770.0;-1.043;0.941
2359;157810.0;-0.69;0.374
2360;157850.0;0.402;-0.49200000000000005
2361;157890.0;0.643;-0.18899999999999997
2362;157930.0;0.185;0.067
2363;157970.0;-0.488;-1.084
2364;158010.0;-1.001;-0.34299999999999997
2365;158050.0;-0.841;0.22699999999999998
2366;158080.0;-0.429;0.064
2367;158120.0;-0.198;0.6709999999999999
2368;158160.0;0.405;0.319
2369;158200.0;-0.157;0.598
2370;158240.0;-0.8370000000000001;0.485
2371;158280.0;-0.675;-0.37200000000000005
2372;158320.0;-0.512;0.456
2373;158360.0;0.187;-0.336
2374;158400.0;0.649;-0.425
2375;158440.0;0.6609999999999999;0.434
2376;158480.0;0.10300000000000001;-0.066
2377;158520.0;-0.54;0.152
2378;158550.0;-0.071;-0.39299999999999996
2379;158590.0;0.754;-0.24100000000000002
2380;158630.0;1.135;0.248
2381;158670.0;0.406;0.314
2382;158710.0;-0.81;0.315
2383;158750.0;-0.893;-0.371
2384;158790.0;-0.64;0.47
2385;158830.0;-0.258;-0.19
2386;158870.0;-0.08199999999999999;-0.174
2387;158910.0;0.297;0.013000000000000001
2388;158940.0;0.354;-0.7340000000000001
2389;158980.0;-0.555;0.379
2390;159020.0;-0.87;0.037000000000000005
2391;159060.0;-0.5660000000000001;0.207
2392;159100.0;0.322;0.455
2393;159140.0;1.079;-0.292
2394;159180.0;0.698;-0.092
2395;159220.0;0.368;-0.47200000000000003
2396;159260.0;-0.313;0.637
2397;159300.0;-0.34;0.409
2398;159340.0;-0.055999999999999994;-0.23199999999999998
2399;159370.0;0.304;0.06
2400;159410.0;1.047;-1.003
2401;159450.0;0.778;0.11199999999999999
2402;159490.0;0.02;0.26899999999999996
2403;159530.0;-0.687;0.321
2404;159570.0;-1.069;0.556
2405;159610.0;-0.618;-0.09300000000000001
2406;159650.0;-0.19699999999999998;-0.091
2407;159690.0;0.10300000000000001;-0.82
2408;159730.0;0.047;-0.442
2409;159760.0;-0.556;0.271
2410;159800.0;-0.77;0.256
2411;159840.0;-0.9;0.8809999999999999
2412;159880.0;-0.28600000000000003;0.27699999999999997
2413;159920.0;0.25;-0.878
2414;159960.0;0.659;0.212
2415;160000.0;0.249;0.6629999999999999
2416;160040.0;-0.503;0.414
2417;160080.0;-0.732;-0.316
2418;160120.0;-0.141;-0.287
2419;160160.0;0.49;-0.8390000000000001
2420;160200.0;0.539;-0.522
2421;160230.0;0.33899999999999997;0.37200000000000005
2422;160270.0;0.358;0.069
2423;160310.0;0.43;0.314
2424;160350.0;-0.022000000000000002;0.828
2425;160390.0;-0.494;-0.18
2426;160430.0;-0.8190000000000001;-0.435
2427;160470.0;-0.53;-0.044000000000000004
2428;160510.0;-0.013000000000000001;-0.61
2429;160550.0;0.057;0.132
2430;160580.0;0.006999999999999999;0.322
2431;160620.0;0.19699999999999998;-0.628
2432;160660.0;-0.489;0.16899999999999998
2433;160700.0;-0.748;-0.08199999999999999
2434;160740.0;-0.98;-0.25
2435;160780.0;-0.491;0.586
2436;160820.0;0.20800000000000002;0.02
2437;160860.0;0.292;0.534
2438;160900.0;0.23199999999999998;-0.13
2439;160940.0;0.043;-0.41200000000000003
2440;160980.0;-0.33799999999999997;-0.09
2441;161020.0;-0.14800000000000002;-0.159
2442;161050.0;-0.35100000000000003;0.284
2443;161090.0;-0.015;-0.294
2444;161130.0;0.18;-0.669
2445;161170.0;0.285;0.10800000000000001
2446;161210.0;0.261;-0.44799999999999995
2447;161250.0;-0.342;0.32
2448;161290.0;-0.662;0.518
2449;161330.0;-0.445;0.132
2450;161370.0;-0.21100000000000002;0.392
2451;161410.0;0.545;-0.619
2452;161440.0;0.7070000000000001;-0.804
2453;161480.0;0.45299999999999996;-0.151
2454;161520.0;-0.129;0.541
2455;161560.0;-0.6629999999999999;0.396
2456;161600.0;-0.252;-0.449
2457;161640.0;0.688;-0.23199999999999998
2458;161680.0;0.708;0.18600000000000003
2459;161720.0;0.218;-0.397
2460;161760.0;-0.596;-0.7509999999999999
2461;161800.0;-0.46299999999999997;-0.298
2462;161840.0;-0.36700000000000005;0.07
2463;161870.0;-0.217;0.311
2464;161910.0;0.006999999999999999;-0.027000000000000003
2465;161950.0;0.685;0.418
2466;161990.0;0.456;-0.024
2467;162030.0;-0.035;-0.654
2468;162070.0;-0.556;-0.433
2469;162110.0;-0.3;0.265
2470;162150.0;-0.12300000000000001;-0.11599999999999999
2471;162190.0;0.596;0.04
2472;162230.0;0.318;0.078
2473;162260.0;-0.257;-0.342
2474;162300.0;-1.145;-0.151
2475;162340.0;-1.179;0.741
2476;162380.0;-0.17;-0.636
2477;162420.0;1.001;-0.157
2478;162460.0;1.5519999999999998;-0.193
2479;162500.0;0.753;-0.457
2480;162540.0;-0.33899999999999997;-0.10099999999999999
2481;162580.0;-0.915;0.703
2482;162620.0;-0.45799999999999996;0.259
2483;162660.0;0.615;-0.126
2484;162700.0;1.112;0.478
2485;162730.0;0.75;-0.722
2486;162770.0;-0.436;-0.581
2487;162810.0;-1.104;-0.163
2488;162850.0;-0.7;-0.5589999999999999
2489;162890.0;-0.171;0.16
2490;162930.0;0.81;-0.08
2491;162970.0;0.777;0.149
2492;163010.0;0.337;0.067
2493;163050.0;-0.29;-0.15
2494;163080.0;-0.757;0.33399999999999996
2495;163120.0;-0.414;-0.52
2496;163160.0;0.24100000000000002;0.158
2497;163200.0;0.845;0.11900000000000001
2498;163240.0;0.619;-0.40700000000000003
2499;163280.0;-0.037000000000000005;-0.102
2500;163320.0;0.040999999999999995;-0.085
2501;163360.0;0.071;0.23600000000000002
2502;163400.0;-0.133;-0.305
2503;163440.0;0.099;-0.5529999999999999
2504;163480.0;0.366;0.27
2505;163520.0;0.8240000000000001;-0.469
2506;163550.0;0.114;0.135
2507;163590.0;0.161;0.27899999999999997
2508;163630.0;-0.10400000000000001;0.46799999999999997
2509;163670.0;-0.309;0.54
2510;163710.0;-0.14300000000000002;-0.5529999999999999
2511;163750.0;-0.045;-0.048
2512;163790.0;0.57;-0.971
2513;163830.0;0.774;0.41200000000000003
2514;163870.0;0.066;0.19899999999999998
2515;163910.0;-0.715;-0.9940000000000001
2516;163940.0;-1.2209999999999999;0.643
2517;163980.0;-0.6;0.8640000000000001
2518;164020.0;0.24100000000000002;0.43
2519;164060.0;0.955;-0.15
2520;164100.0;0.871;-0.862
2521;164140.0;-0.05;0.18600000000000003
2522;164180.0;-0.574;-0.098
2523;164220.0;-0.547;-0.069
2524;164260.0;0.319;-0.255
2525;164300.0;1.101;-0.546
2526;164340.0;1.008;0.228
2527;164370.0;0.5429999999999999;0.622
2528;164410.0;-0.36;0.9259999999999999
2529;164450.0;-1.025;0.23399999999999999
2530;164490.0;-0.526;-0.278
2531;164530.0;0.435;0.095
2532;164570.0;0.92;-0.317
2533;164610.0;-0.06;-0.079
2534;164650.0;-0.8959999999999999;0.32
2535;164690.0;-0.662;-0.059000000000000004
2536;164730.0;-0.037000000000000005;-0.10800000000000001
2537;164760.0;0.08800000000000001;-0.287
2538;164800.0;0.064;-0.217
2539;164840.0;0.261;0.047
2540;164880.0;0.605;0.342
2541;164920.0;0.38299999999999995;-0.353
2542;164960.0;-0.387;0.08800000000000001
2543;165000.0;-0.664;0.32799999999999996
2544;165040.0;0.184;0.261
2545;165080.0;1.1440000000000001;0.254
2546;165120.0;1.6440000000000001;-0.565
2547;165160.0;1.081;0.038
2548;165200.0;0.42100000000000004;-0.068
2549;165230.0;-0.373;-0.018000000000000002
2550;165270.0;-0.478;-0.275
2551;165310.0;-0.55;0.514
2552;165350.0;-0.18600000000000003;0.495
2553;165390.0;0.426;-0.591
2554;165430.0;0.451;0.19
2555;165470.0;0.044000000000000004;-0.094
2556;165510.0;-0.456;0.486
2557;165550.0;-0.885;-0.154
2558;165580.0;-0.23;-0.762
2559;165620.0;-0.134;0.541
